mean_fpktl,std_fpktl,mean_bpktl,std_bpktl,mean_fiat,std_fiat,mean_biat,std_biat,fpkt_rate,fbyte_rate,bpkt_rate,bbyte_rate,class
714,656,841,663,6170,29315,6241,29774,0.000101951,0.072850539,0.000100643,0.084667414,x11
849,676,905,673,4689,20856,4715,21341,0.00015674,0.133141355,0.000155764,0.141086285,x11
818,678,883,676,5085,28592,5157,29024,0.000125982,0.103156079,0.000124058,0.109661227,x11
789,674,864,673,5815,24513,5955,25119,0.000121403,0.095900829,0.000118435,0.102409704,x11
202,298,258,424,48767,132669,55248,161783,4.06E-06,0.000823408,3.57E-06,0.00092038,x11
231,345,319,481,50943,138604,55874,169771,6.99E-06,0.001619603,6.18E-06,0.001974217,x11
728,663,842,665,4080,21435,3999,21220,0.000156319,0.11380691,0.000158644,0.133580713,x11
198,270,221,364,50591,142647,82071,167854,2.62E-06,0.000520329,1.72E-06,0.000380941,x11
181,249,363,513,45727,125114,68660,147342,2.08E-06,0.000377659,1.46E-06,0.000528776,x11
159,190,300,464,45541,126500,71847,152621,2.14E-06,0.000340868,1.43E-06,0.00043061,x11
829,676,893,674,4746,21578,4784,21901,0.000157295,0.130541479,0.000156016,0.139454542,x11
364,491,150,182,40178,109430,48997,119157,1.03E-05,0.003751915,8.62E-06,0.001297819,x11
191,275,569,647,49520,138829,54107,165005,5.91E-06,0.001129827,5.26E-06,0.002997344,x11
227,348,174,256,54032,143267,80534,165975,2.36E-06,0.000536156,1.65E-06,0.000287898,x11
199,297,277,444,44537,121629,47824,148442,6.40E-06,0.001278257,5.88E-06,0.001631403,x11
273,409,152,181,75070,177317,83168,200092,1.35E-05,0.003696506,1.22E-05,0.00185528,x11
928,667,152,278,9873,53106,13960,62417,4.55E-05,0.042229165,3.25E-05,0.004959687,x11
241,358,185,296,55771,142829,75383,184512,1.35E-06,0.000327285,9.80E-07,0.00018171,x11
173,226,323,488,43670,128177,69956,154123,1.57E-06,0.000272877,1.06E-06,0.000342579,x11
185,258,138,227,75674,190456,125840,226982,1.51E-06,0.000280868,9.83E-07,0.00013593,x11
817,678,883,676,5113,28785,5187,29225,0.000124788,0.101962827,0.000122858,0.10849091,x11
836,679,910,673,4360,19346,4358,19517,0.000180361,0.150932597,0.000180413,0.164245396,x11
988,648,159,313,10034,60765,15096,72420,1.50E-05,0.014811683,1.01E-05,0.001611602,x11
611,662,859,683,7880,45499,7442,44119,7.70E-05,0.047035443,8.12E-05,0.069813336,x11
200,296,280,453,57573,144355,68185,172522,2.36E-06,0.000471711,1.97E-06,0.00055463,x11
175,228,199,324,48976,132759,81958,160066,1.88E-06,0.000330549,1.20E-06,0.000239369,x11
727,658,846,660,6937,32254,6841,32836,9.48E-05,0.068981648,9.59E-05,0.081169732,x11
272,410,211,329,54793,138552,80548,157308,4.37E-06,0.001191201,3.09E-06,0.000654581,x11
759,667,856,670,5422,29460,5545,30167,0.000103051,0.078281868,0.000100693,0.086227683,x11
217,313,312,479,54186,140271,63663,176899,7.19E-06,0.001562029,5.94E-06,0.001857561,x11
833,678,150,265,11052,55716,14980,64287,3.94E-05,0.032859679,2.93E-05,0.004422716,x11
74,112,1216,494,34172,89943,20101,73346,2.83E-05,0.002099303,4.82E-05,0.058593125,x11
174,227,326,489,43683,127688,69733,153246,1.61E-06,0.000280716,1.09E-06,0.000354919,x11
197,291,275,448,60610,149932,72123,178038,2.39E-06,0.000471711,1.99E-06,0.000547463,x11
188,267,592,655,47846,135842,51533,160631,6.33E-06,0.001191346,5.70E-06,0.003378352,x11
171,216,212,348,48713,134064,81764,161115,1.84E-06,0.000315937,1.17E-06,0.000249257,x11
285,423,194,303,56572,156818,77243,177010,4.44E-06,0.001267699,3.36E-06,0.000655562,x11
146,178,157,172,65529,92929,79573,102164,6.00E-06,0.00087654,5.03E-06,0.000792756,x11
187,268,598,656,46715,133022,49807,156331,7.07E-06,0.001329668,6.39E-06,0.003822672,x11
754,667,865,669,5333,28788,5422,29366,0.000106838,0.080603814,0.000105017,0.090841509,x11
832,678,903,674,4519,20235,4526,20449,0.000170418,0.141933696,0.000170151,0.153805208,x11
177,239,349,504,45767,128791,70075,151963,1.99E-06,0.000353825,1.37E-06,0.000478036,x11
749,668,864,670,5950,32805,6063,33589,8.99E-05,0.0674091,8.82E-05,0.076208859,x11
786,674,863,673,5862,24352,5991,24951,0.000122149,0.096033558,0.00011937,0.103115275,x11
262,375,172,261,64198,153498,91355,202008,4.18E-06,0.001094907,2.97E-06,0.00051229,x11
227,311,207,359,67331,167208,97113,217055,1.99E-06,0.000453116,1.37E-06,0.000283368,x11
180,245,356,509,45789,126467,69538,149083,1.91E-06,0.000343641,1.33E-06,0.000472077,x11
176,233,338,498,44611,127573,69426,151368,1.92E-06,0.000339725,1.32E-06,0.000445281,x11
722,665,906,660,8709,32833,8552,33218,7.22E-05,0.052171158,7.35E-05,0.066614351,x11
755,667,857,669,5926,32547,6064,33412,9.30E-05,0.070239798,9.08E-05,0.077814729,x11
216,311,309,477,53599,139335,63330,176084,6.10E-06,0.001322027,5.02E-06,0.001550267,x11
191,277,575,649,48953,138056,53081,163587,6.21E-06,0.00119105,5.55E-06,0.003190341,x11
803,674,865,673,5335,21167,5486,21590,0.000154643,0.124318998,0.000150287,0.130116675,x11
805,675,885,672,5277,24502,5336,24967,0.000134767,0.108581294,0.000133242,0.118024389,x11
190,274,566,646,49629,139118,54379,165266,5.86E-06,0.001116698,5.20E-06,0.002950403,x11
212,304,219,358,55086,147123,88563,171725,2.73E-06,0.000580137,1.80E-06,0.000395362,x11
261,389,201,313,51025,126017,65679,164073,2.85E-06,0.000746643,2.16E-06,0.000433825,x11
749,666,853,669,6141,33634,6265,34483,8.88E-05,0.066503025,8.69E-05,0.074201431,x11
74,117,1278,456,21174,70679,11708,55912,4.45E-05,0.003322033,8.04E-05,0.102856656,x11
185,255,136,225,76316,192479,127554,229158,1.43E-06,0.000265309,9.31E-07,0.000127473,x11
176,233,204,329,49959,134603,82417,161520,2.45E-06,0.000432211,1.56E-06,0.000320107,x11
169,208,201,335,49505,136306,84777,164356,1.66E-06,0.000281362,1.05E-06,0.000210692,x11
193,282,246,407,51343,133000,60130,164986,3.13E-06,0.000606616,2.66E-06,0.000656517,x11
802,655,837,660,5554,22201,5773,23375,0.000118929,0.095491537,0.000114313,0.095716114,x11
207,290,335,506,52451,138908,63948,175625,6.19E-06,0.001284748,4.91E-06,0.001650381,x11
676,670,820,681,8289,42093,7975,41567,8.89E-05,0.060165034,9.21E-05,0.075639788,x11
714,664,896,662,9970,40755,9845,41204,5.44E-05,0.038831026,5.50E-05,0.049318257,x11
775,680,907,673,5297,23418,5281,23617,0.000133285,0.103310992,0.000133527,0.121200771,x11
720,665,902,661,8967,34397,8832,34899,6.54E-05,0.047155997,6.64E-05,0.05990572,x11
237,331,194,327,63318,158327,91615,207864,2.71E-06,0.000644358,1.89E-06,0.000369172,x11
308,452,190,286,50378,131349,60574,165529,3.31E-06,0.001020057,2.67E-06,0.000507001,x11
132,256,1109,597,22145,80568,14635,76331,2.05E-05,0.002717762,3.06E-05,0.033922043,x11
213,281,181,330,74085,182754,113701,239036,1.67E-06,0.000357206,1.12E-06,0.000204118,x11
159,193,306,468,45631,125331,71378,151209,2.19E-06,0.000350088,1.48E-06,0.000452077,x11
850,676,905,673,4638,20757,4662,21213,0.000162726,0.138319027,0.000161792,0.146580804,x11
712,655,837,661,7229,32695,7187,33148,8.86E-05,0.063126702,8.90E-05,0.074519093,x11
192,275,270,424,50943,135739,80175,161351,1.70E-06,0.000327322,1.15E-06,0.000310164,x11
818,674,876,674,4162,23775,4283,23927,0.000139909,0.114559084,0.000135751,0.119000679,x11
817,678,884,676,5116,28515,5184,28941,0.00012183,0.099606969,0.000120083,0.106214782,x11
779,671,871,672,5030,26812,5122,27293,0.000118559,0.092381556,0.00011638,0.101450082,x11
715,656,841,662,6093,28716,6163,29180,0.000103794,0.074222396,0.000102475,0.086256845,x11
194,279,224,380,54545,142117,67298,173604,2.24E-06,0.000435987,1.82E-06,0.000408229,x11
903,668,138,262,14668,79214,21339,93042,9.22E-06,0.008336444,6.40E-06,0.000887049,x11
240,357,227,363,47025,130529,66296,150591,3.22E-06,0.000774702,2.34E-06,0.000531556,x11
994,647,160,314,9868,59678,14819,71124,1.81E-05,0.017990634,1.22E-05,0.001954675,x11
219,357,195,304,61480,147270,77829,159624,3.62E-06,0.000793636,2.91E-06,0.000567792,x11
815,671,873,673,4283,23356,4407,23564,0.000140303,0.114376365,0.000136148,0.11890924,x11
721,659,848,664,6256,29566,6302,30053,9.85E-05,0.071009111,9.76E-05,0.08282319,x11
96,129,1092,598,24382,74004,17085,62215,7.64E-06,0.000739381,1.09E-05,0.011932567,x11
216,317,161,266,62856,171921,97786,202076,1.56E-06,0.000336526,1.07E-06,0.000173116,x11
920,665,139,266,14133,77796,20669,91941,9.43E-06,0.008684855,6.51E-06,0.000910678,x11
246,363,231,367,45550,129593,63681,148972,3.48E-06,0.000858833,2.54E-06,0.000588319,x11
278,425,520,609,24610,86315,22766,103500,1.66E-05,0.004612468,1.75E-05,0.009112567,x11
103,148,1151,577,18060,79119,12349,64876,6.06E-06,0.000627471,8.91E-06,0.010261784,x11
261,401,478,593,26658,93944,25377,110101,1.10E-05,0.00286549,1.13E-05,0.005422612,x11
715,657,839,663,6950,31558,6931,31979,9.29E-05,0.066471761,9.30E-05,0.078070268,x11
192,275,545,639,50488,139201,56623,168098,5.78E-06,0.001112644,5.01E-06,0.002734345,x11
841,672,893,672,4630,21368,4672,21927,0.000152623,0.128373191,0.000151137,0.134969229,x11
81,155,1303,444,16044,74439,9046,56704,3.76E-05,0.003083633,6.66E-05,0.08684444,x11
175,231,334,495,44477,128254,69705,152979,1.82E-06,0.000320177,1.24E-06,0.000415191,x11
818,678,883,676,5087,28604,5160,29036,0.000125545,0.102788327,0.000123626,0.109270142,x11
738,660,859,661,6591,29489,6537,30176,0.000101812,0.075154847,0.000102403,0.088022857,x11
173,216,198,333,51201,144435,89277,176829,1.64E-06,0.000284833,1.02E-06,0.000202415,x11
309,448,224,337,53974,159776,65314,171359,4.55E-06,0.001407009,3.81E-06,0.000857004,x11
75,117,1254,477,24298,75522,13740,60888,3.92E-05,0.002975463,6.92E-05,0.086833837,x11
214,334,368,523,33147,108171,32281,124179,1.10E-05,0.002353184,1.10E-05,0.004060452,x11
755,668,869,669,5688,31351,5773,32037,9.47E-05,0.071580689,9.32E-05,0.081109443,x11
295,441,208,314,56632,140106,77044,154409,6.32E-06,0.001867059,4.75E-06,0.000989398,x11
295,438,202,309,55819,157384,74284,176583,4.63E-06,0.001368427,3.60E-06,0.000729664,x11
188,268,594,655,47355,134413,50929,158937,6.38E-06,0.001201102,5.74E-06,0.003409783,x11
732,666,842,671,6482,34150,6558,34747,9.88E-05,0.072395342,9.75E-05,0.082176523,x11
791,674,865,673,5702,23843,5834,24365,0.000123792,0.09802866,0.000120883,0.104653805,x11
302,451,214,319,56083,137081,74502,150186,1.38E-05,0.004164448,1.05E-05,0.002243462,x11
736,666,855,669,6057,32023,6014,31812,0.000120573,0.088852157,0.000121218,0.103679277,x11
191,274,586,653,47869,136148,51687,160933,6.39E-06,0.001220972,5.73E-06,0.003360683,x11
197,291,274,447,61006,151365,72623,179010,2.38E-06,0.000469449,1.98E-06,0.000543905,x11
194,278,222,379,54643,142781,67931,174507,2.17E-06,0.000421436,1.76E-06,0.0003921,x11
188,268,594,655,47096,133516,50636,158303,6.61E-06,0.001246757,5.96E-06,0.003544158,x11
792,674,864,673,5610,23343,5743,23825,0.000129229,0.102450281,0.000126121,0.10905931,x11
237,332,195,328,63558,158626,91768,208056,2.74E-06,0.000652802,1.92E-06,0.000375244,x11
218,218,140,179,67933,128391,42348,102508,7.88E-06,0.001718267,1.21E-05,0.001691839,x11
175,231,202,327,49423,133583,82103,160644,2.04E-06,0.00035848,1.30E-06,0.000262528,x11
216,287,187,338,71062,179187,108905,233802,1.62E-06,0.000352159,1.09E-06,0.000205552,x11
1019,639,151,297,8661,52344,12932,62695,2.38E-05,0.024290435,1.61E-05,0.002435429,x11
210,307,163,262,63636,156789,92377,203769,1.19E-06,0.000249874,8.15E-07,0.00013306,x11
713,658,845,664,6772,31480,6789,31959,9.51E-05,0.067902319,9.48E-05,0.080149464,x11
793,673,881,672,5728,26783,5803,27351,0.000120173,0.095416905,0.000118586,0.104521709,x11
740,666,846,671,6303,33347,6324,33549,0.000100994,0.074740669,0.000100526,0.0851015,x11
73,112,1214,495,34735,90717,20478,74040,2.79E-05,0.00206346,4.73E-05,0.057450141,x11
259,394,379,522,45302,127985,45462,156211,8.54E-06,0.002216133,8.20E-06,0.003113609,x11
204,304,265,435,57407,142214,68361,170550,2.42E-06,0.000495197,2.02E-06,0.000535771,x11
210,310,209,356,58012,143579,71231,174702,2.34E-06,0.000491047,1.90E-06,0.000397335,x11
715,666,882,666,8879,36788,8791,37013,7.14E-05,0.051111392,7.21E-05,0.063612853,x11
239,337,196,327,61334,154214,88909,204521,2.89E-06,0.000691402,2.02E-06,0.000396954,x11
781,672,874,672,5018,26506,5098,26922,0.000120107,0.093894299,0.00011817,0.103390913,x11
783,674,888,669,5454,21964,5430,22129,0.000137189,0.107538977,0.000137658,0.122320092,x11
803,655,837,660,5552,22204,5772,23377,0.000133823,0.107478346,0.000128627,0.107735785,x11
168,198,200,338,51609,144548,89204,175563,1.61E-06,0.000271077,1.01E-06,0.000202111,x11
214,333,368,523,33096,108057,32281,124179,9.77E-06,0.002098128,9.80E-06,0.003606007,x11
257,383,198,310,54666,135864,70846,176335,2.16E-06,0.00055708,1.62E-06,0.000321699,x11
736,660,857,661,6890,31689,6844,32363,9.27E-05,0.06820712,9.31E-05,0.07980663,x11
233,348,201,340,60726,153800,95407,178333,3.47E-06,0.000809259,2.31E-06,0.000465434,x11
729,670,834,670,4152,22417,4014,21831,0.000164698,0.120145251,0.000169504,0.141382266,x11
805,673,867,672,5372,21117,5531,21637,0.000155008,0.124857971,0.000150428,0.130466099,x11
768,669,865,670,5144,27835,5240,28401,0.00011262,0.08655951,0.000110473,0.095668502,x11
171,216,211,347,48783,134711,82055,161750,1.82E-06,0.000311362,1.16E-06,0.000244506,x11
749,668,856,671,5690,31414,5807,32141,9.45E-05,0.070812354,9.25E-05,0.079175035,x11
297,442,203,311,56246,157956,74226,176893,5.92E-06,0.001764387,4.61E-06,0.000940266,x11
804,675,885,672,5388,25102,5452,25600,0.000130796,0.105274089,0.000129215,0.114472049,x11
159,190,300,464,45465,126397,71800,152541,2.13E-06,0.000339996,1.43E-06,0.000428842,x11
179,241,130,218,81168,200700,139361,241696,1.41E-06,0.000253839,8.99E-07,0.00011727,x11
720,664,842,670,6966,37303,7075,38123,7.81E-05,0.056258401,7.67E-05,0.064693224,x11
791,674,865,673,5726,24037,5859,24594,0.000122806,0.097188704,0.000119894,0.103756677,x11
749,668,864,670,5950,32794,6063,33578,8.93E-05,0.066942149,8.76E-05,0.075678617,x11
904,668,138,262,14671,79232,21340,93054,9.32E-06,0.008430748,6.47E-06,0.000897023,x11
140,161,132,146,95361,157809,99946,162823,4.44E-06,0.00062441,4.12E-06,0.000546794,x11
199,337,145,163,94288,201781,138249,236837,8.00E-06,0.001591901,5.54E-06,0.000806887,x11
209,295,341,509,52201,137857,62575,173864,6.38E-06,0.001335027,5.16E-06,0.00176189,x11
1012,645,156,294,8801,51614,13030,61858,4.72E-05,0.047800573,3.22E-05,0.005025168,x11
193,274,143,239,72434,185888,119945,221717,1.40E-06,0.000271455,9.21E-07,0.000132151,x11
817,678,884,676,5111,28545,5179,28971,0.000121951,0.099725351,0.0001202,0.106340766,x11
169,199,200,339,50191,140384,86778,170144,1.64E-06,0.000277263,1.03E-06,0.000206028,x11
787,654,832,660,6127,27979,6365,29255,0.000100237,0.078908646,9.64E-05,0.080213527,x11
667,671,863,680,7374,40889,7136,40015,9.13E-05,0.060989482,9.42E-05,0.081351965,x11
199,296,281,454,57438,144017,68038,172435,2.37E-06,0.000473147,1.98E-06,0.00055841,x11
701,661,878,663,10092,43540,10029,44163,5.68E-05,0.039850915,5.72E-05,0.050225612,x11
78,146,1277,465,20084,72735,11551,56286,3.42E-05,0.002690668,5.94E-05,0.075874799,x11
786,673,880,671,6062,28439,6141,29060,0.000110985,0.087245348,0.000109536,0.09641696,x11
169,209,203,337,49938,137072,84949,165050,1.68E-06,0.000284519,1.06E-06,0.00021532,x11
724,658,849,660,7089,32060,7003,32770,9.68E-05,0.070165737,9.78E-05,0.08310071,x11
719,666,904,661,8695,33974,8522,34235,7.73E-05,0.055634911,7.89E-05,0.071354974,x11
219,324,163,269,63492,172767,97038,201942,1.56E-06,0.000343502,1.09E-06,0.000178497,x11
171,216,211,347,48520,133800,81666,160851,1.83E-06,0.000313347,1.16E-06,0.000246518,x11
176,233,204,330,49959,134603,82417,161520,2.51E-06,0.00044373,1.61E-06,0.000328451,x11
159,191,302,465,45385,125510,71385,151668,2.16E-06,0.000344982,1.45E-06,0.000439286,x11
203,299,259,425,48738,132522,54704,161193,4.44E-06,0.000903154,3.91E-06,0.00101544,x11
181,251,366,515,45976,125566,68707,147703,2.12E-06,0.000384308,1.49E-06,0.000544793,x11
715,662,828,670,7810,42004,7956,42898,6.74E-05,0.048217929,6.61E-05,0.054772216,x11
820,679,150,265,11918,60285,16224,69468,3.67E-05,0.030121478,2.72E-05,0.004109433,x11
196,287,267,415,51979,134808,79812,159055,2.09E-06,0.000410102,1.42E-06,0.00037994,x11
169,211,205,339,50187,137165,84932,164857,1.71E-06,0.000289305,1.08E-06,0.000222008,x11
715,662,828,670,7838,42042,7974,42914,6.73E-05,0.048158434,6.61E-05,0.054811304,x11
193,279,243,404,51426,133468,61023,165703,2.60E-06,0.000501286,2.19E-06,0.000534212,x11
683,670,800,682,4891,30263,4856,30103,0.00015763,0.107763208,0.000158208,0.126630638,x11
558,661,970,660,10347,53777,8472,47875,2.23E-05,0.012462556,2.73E-05,0.026492977,x11
750,667,854,669,6106,33502,6231,34348,8.92E-05,0.066944192,8.73E-05,0.074598879,x11
219,324,236,375,56311,148270,88258,171410,3.10E-06,0.000681221,2.09E-06,0.000492767,x11
559,634,197,317,38817,111354,43963,127078,5.78E-06,0.003235211,4.72E-06,0.00093254,x11
159,191,303,466,45473,125629,71403,151722,2.19E-06,0.000348902,1.47E-06,0.000445446,x11
136,253,1085,610,29739,99226,20732,98144,1.66E-05,0.002265591,2.39E-05,0.025916183,x11
689,659,858,666,9879,43108,9821,43706,5.81E-05,0.040055565,5.84E-05,0.050171397,x11
735,660,856,661,7022,32492,6976,33154,8.99E-05,0.066087577,9.03E-05,0.077331081,x11
832,678,904,673,4507,20145,4510,20347,0.000171182,0.142472892,0.000171038,0.15477556,x11
231,344,320,481,50643,138077,55601,169292,7.14E-06,0.001652193,6.32E-06,0.00202349,x11
824,676,899,672,4637,20754,4650,20999,0.00016367,0.13490932,0.000163181,0.146820249,x11
614,675,927,674,9177,55151,7846,49984,2.10E-05,0.012918819,2.47E-05,0.022875182,x11
181,244,131,218,82338,202595,140267,243197,1.46E-06,0.000263563,9.32E-07,0.000122335,x11
180,248,361,512,45499,124824,68599,147137,1.96E-06,0.000354279,1.37E-06,0.000494061,x11
717,666,894,664,8822,35243,8695,35520,7.39E-05,0.053017403,7.49E-05,0.067030878,x11
760,673,139,252,16001,80398,21697,91250,1.01E-05,0.007714119,7.55E-06,0.001057067,x11
176,232,336,497,44769,128669,69864,153201,1.87E-06,0.000330232,1.28E-06,0.000430809,x11
154,217,720,675,39069,125822,43072,128917,2.41E-06,0.000372913,2.24E-06,0.001611112,x11
218,322,233,374,55781,147427,87866,170732,2.99E-06,0.000654225,2.01E-06,0.000469311,x11
175,230,201,326,49231,133327,82021,160444,2.00E-06,0.000351502,1.27E-06,0.000256591,x11
712,666,882,666,8914,37265,8810,37436,7.11E-05,0.050687777,7.19E-05,0.063455774,x11
239,335,195,326,63451,158934,91784,208728,2.85E-06,0.000681208,2.00E-06,0.000389646,x11
813,675,888,673,5112,23616,5163,24037,0.000141123,0.114779612,0.000139706,0.124196086,x11
1001,645,160,315,9723,59025,14508,70421,2.08E-05,0.020876372,1.41E-05,0.002265404,x11
726,663,840,665,4202,22388,4121,22197,0.000116203,0.08442076,0.000117873,0.099077727,x11
193,279,244,404,51454,133503,60906,165617,2.61E-06,0.000503293,2.20E-06,0.000536586,x11
747,668,854,671,5731,31687,5853,32433,9.33E-05,0.069766842,9.13E-05,0.077993148,x11
241,357,185,296,55654,142692,75383,184512,1.31E-06,0.000314647,9.44E-07,0.000174847,x11
179,240,130,217,81404,200969,140035,242259,1.41E-06,0.000252305,8.94E-07,0.000116255,x11
840,680,911,674,4305,19114,4303,19259,0.000184362,0.154902791,0.000184463,0.168112951,x11
176,233,204,330,49959,134603,82417,161520,2.54E-06,0.000447687,1.62E-06,0.00033158,x11
944,661,234,430,11347,67464,16241,78479,1.38E-05,0.012993101,9.68E-06,0.002272391,x11
792,674,864,673,5609,23346,5743,23828,0.000131978,0.104636259,0.000128804,0.111386451,x11
193,278,264,415,50470,133469,79491,158756,1.71E-06,0.000329548,1.15E-06,0.000303591,x11
781,672,881,668,5587,21607,5595,21824,0.000138585,0.108269425,0.000138271,0.121865919,x11
749,667,866,668,5837,31903,5931,32632,9.57E-05,0.071673089,9.41E-05,0.081547894,x11
187,273,283,453,43929,122442,47212,148846,6.40E-06,0.001202773,5.95E-06,0.001689782,x11
73,110,1196,503,38948,95752,23387,78841,2.50E-05,0.001828579,4.16E-05,0.049793292,x11
832,678,907,673,4452,19838,4451,20024,0.000174183,0.144999871,0.000174189,0.158142578,x11
709,657,841,664,6893,31560,6903,32040,9.53E-05,0.067653885,9.51E-05,0.080031731,x11
789,654,832,660,5972,26579,6206,27807,0.000102546,0.08097713,9.86E-05,0.082117265,x11
781,671,880,667,5615,21632,5630,21823,0.000138893,0.108533761,0.000138413,0.121852409,x11
159,193,306,468,45745,125480,71448,151316,2.20E-06,0.000351694,1.48E-06,0.000455038,x11
74,113,1225,490,31850,86848,18559,70548,3.03E-05,0.002259223,5.20E-05,0.063734965,x11
229,314,209,362,67155,166932,97461,217618,1.97E-06,0.000451644,1.35E-06,0.000284349,x11
992,647,160,314,9917,59886,14905,71459,1.71E-05,0.017000922,1.15E-05,0.001848268,x11
239,354,183,294,55282,142203,75383,184512,1.22E-06,0.000291374,8.78E-07,0.000161425,x11
803,675,876,674,4889,25156,4979,25505,0.000128797,0.103515177,0.000126432,0.110840459,x11
168,202,197,333,50604,139059,87128,168249,1.65E-06,0.000277484,1.03E-06,0.000204536,x11
753,668,869,668,5746,31563,5829,32263,9.81E-05,0.073898677,9.67E-05,0.084026224,x11
221,295,193,344,69234,175347,104340,229766,1.65E-06,0.000365547,1.12E-06,0.000216482,x11
181,252,368,516,46223,125932,68910,147957,2.12E-06,0.000385741,1.49E-06,0.000549902,x11
751,668,856,671,5657,31248,5775,31971,9.53E-05,0.071644656,9.33E-05,0.079960637,x11
994,647,160,314,9921,59917,14905,71479,1.78E-05,0.017735562,1.20E-05,0.001927776,x11
722,663,838,669,7568,40736,7690,41699,7.11E-05,0.051369433,6.99E-05,0.058629804,x11
752,668,857,671,5633,31062,5753,31788,9.60E-05,0.07223084,9.40E-05,0.080542743,x11
159,187,297,462,45243,126789,71523,152652,2.19E-06,0.000348619,1.46E-06,0.000435674,x11
100,139,1154,575,17335,74363,11709,60728,6.92E-06,0.00069475,1.03E-05,0.011886663,x11
825,676,897,673,4643,20825,4668,21097,0.000163133,0.1347207,0.000162248,0.145543968,x11
724,663,858,667,6479,34571,6508,35109,8.76E-05,0.063470038,8.71E-05,0.074755605,x11
720,665,902,661,8965,34396,8830,34898,6.69E-05,0.048217099,6.79E-05,0.061255251,x11
332,464,194,291,57525,141424,75735,186495,1.24E-05,0.004111858,9.28E-06,0.001802263,x11
1067,622,155,305,7587,50282,11637,61276,5.10E-05,0.054414332,3.35E-05,0.005216478,x11
193,276,549,640,50272,139333,56191,167661,5.89E-06,0.001137783,5.13E-06,0.002814584,x11
733,665,848,669,6828,36958,6927,37696,7.63E-05,0.055952286,7.50E-05,0.063635982,x11
181,244,130,218,82338,202595,140267,243197,1.47E-06,0.000266642,9.41E-07,0.000123313,x11
800,674,875,674,4915,25330,5009,25700,0.000127399,0.102006636,0.000124939,0.109330831,x11
175,231,334,495,44435,128174,69705,152979,1.80E-06,0.000316459,1.23E-06,0.000409403,x11
726,664,847,670,6468,34612,6553,35279,8.68E-05,0.063036227,8.56E-05,0.072581803,x11
171,216,211,347,49061,135524,82463,162558,1.80E-06,0.000308575,1.15E-06,0.000242041,x11
776,671,880,667,5737,22091,5806,22437,0.000140838,0.109410823,0.000139044,0.122392022,x11
199,273,223,366,49851,139925,80473,164257,3.04E-06,0.000607411,2.00E-06,0.000448632,x11
193,279,243,404,51426,133468,61023,165703,2.54E-06,0.000490534,2.14E-06,0.000523005,x11
721,663,857,668,6537,34887,6572,35447,8.65E-05,0.062407865,8.59E-05,0.073654872,x11
170,202,200,338,50184,138601,86394,167560,1.64E-06,0.000279047,1.03E-06,0.00020671,x11
217,319,161,267,63379,172714,98124,202549,1.58E-06,0.000344045,1.10E-06,0.000176884,x11
261,388,201,313,50961,125951,65679,164073,2.41E-06,0.000629547,1.82E-06,0.000366558,x11
78,141,1237,497,23650,72734,14087,57487,3.11E-05,0.002453363,5.22E-05,0.06462423,x11
74,110,1180,513,40404,97092,24620,80928,2.41E-05,0.001795471,3.96E-05,0.0467314,x11
792,675,864,673,5639,23521,5774,24018,0.000127897,0.101415909,0.000124809,0.10787742,x11
188,268,594,655,47093,133506,50636,158303,6.43E-06,0.001211597,5.79E-06,0.003443045,x11
172,202,170,192,32202,49886,29052,50728,3.34E-05,0.005766429,3.34E-05,0.005685211,x11
191,289,304,470,35760,111292,36155,128477,7.28E-06,0.001396333,7.18E-06,0.002188296,x11
78,130,1317,431,9187,41459,4887,33458,9.23E-05,0.007215671,0.000173602,0.228771707,x11
269,388,178,268,62407,148949,87728,198729,1.12E-05,0.003010552,8.01E-06,0.001431906,x11
275,417,410,543,44926,129363,44863,155700,1.25E-05,0.003457692,1.22E-05,0.004997748,x11
159,190,300,464,45573,126610,71959,152661,2.12E-06,0.000338303,1.42E-06,0.000426635,x11
377,506,166,224,58262,165829,66493,199220,1.10E-05,0.004148505,8.70E-06,0.001451673,x11
305,448,187,285,50211,130799,60503,165122,3.01E-06,0.000919673,2.41E-06,0.000453821,x11
293,438,206,312,56357,139782,77095,154133,3.94E-06,0.001159621,2.97E-06,0.000613881,x11
196,284,228,384,53074,136692,65121,170725,2.46E-06,0.000481353,2.02E-06,0.000460908,x11
223,330,173,277,57170,143714,80222,187342,1.23E-06,0.000274293,8.67E-07,0.000150742,x11
213,319,225,356,52583,136255,80279,160147,1.81E-06,0.000386851,1.24E-06,0.000278499,x11
186,249,215,352,50862,141147,83427,168189,2.38E-06,0.000444412,1.53E-06,0.00033001,x11
169,213,208,341,49580,135522,83603,162613,1.79E-06,0.000303637,1.13E-06,0.000235693,x11
101,142,1152,576,17129,75867,11620,61992,6.59E-06,0.000671104,9.77E-06,0.011255072,x11
220,293,192,343,68856,174891,104162,229447,1.62E-06,0.000357589,1.10E-06,0.00021154,x11
705,658,851,664,9235,39652,9317,40624,6.54E-05,0.046139595,6.48E-05,0.055174267,x11
197,291,272,418,52504,135628,79876,159429,2.10E-06,0.00041506,1.44E-06,0.000392077,x11
805,657,831,664,5696,26230,5961,27482,0.000110473,0.088956404,0.000105438,0.0876913,x11
181,245,131,219,81288,200854,138253,240919,1.48E-06,0.000268038,9.46E-07,0.00012421,x11
668,668,815,681,9921,49730,9610,49267,5.81E-05,0.038839457,5.99E-05,0.04883052,x11
233,342,240,379,46611,128481,65194,146594,3.38E-06,0.000790947,2.48E-06,0.000594513,x11
808,676,879,675,5097,28436,5184,28897,0.00012614,0.101996468,0.000123936,0.108941867,x11
174,228,327,491,43531,126883,69256,152164,1.64E-06,0.000286777,1.11E-06,0.000364223,x11
712,657,837,663,6996,31759,6980,32174,9.28E-05,0.066144566,9.29E-05,0.077805902,x11
193,282,246,407,51368,133036,60118,165014,3.16E-06,0.00061206,2.68E-06,0.000662708,x11
257,383,198,310,54730,135935,70846,176335,2.18E-06,0.000561709,1.63E-06,0.000324622,x11
755,668,869,669,5698,31426,5782,32110,9.62E-05,0.072702937,9.48E-05,0.082439417,x11
188,268,596,656,46896,133126,50281,157611,7.03E-06,0.001320886,6.34E-06,0.003783593,x11
320,434,221,325,35367,121613,43800,132637,9.76E-06,0.003127435,7.94E-06,0.001758655,x11
264,394,206,330,55652,146734,83116,166818,4.04E-06,0.001067254,2.83E-06,0.000584735,x11
227,337,193,332,59094,152517,94184,177726,3.22E-06,0.000735023,2.13E-06,0.000411339,x11
277,424,519,609,24502,86108,22799,103349,1.29E-05,0.003561855,1.36E-05,0.007041459,x11
233,336,263,374,52391,144511,68336,181377,4.59E-06,0.001074087,3.36E-06,0.000887302,x11
718,679,892,679,6257,29424,6196,29644,9.84E-05,0.070672181,9.92E-05,0.088586695,x11
705,654,834,662,7213,32437,7188,32875,8.88E-05,0.062670876,8.90E-05,0.074287255,x11
79,149,1302,443,16761,72097,9445,55024,3.79E-05,0.003024422,6.73E-05,0.087629016,x11
215,318,168,268,60378,146978,85427,191139,1.28E-06,0.000275971,8.91E-07,0.000150202,x11
793,675,864,673,5610,23367,5747,23864,0.000128085,0.101580945,0.000124937,0.108035289,x11
194,283,246,407,51445,133249,59991,165189,4.17E-06,0.000812018,3.55E-06,0.00087407,x11
191,216,163,187,84829,150680,72596,160654,1.24E-05,0.002385184,1.44E-05,0.002358333,x11
280,427,520,610,24014,84205,22396,102928,2.94E-05,0.008240717,3.11E-05,0.016183069,x11
312,456,191,288,50990,132091,60387,165956,7.13E-06,0.002228941,5.78E-06,0.001108536,x11
227,344,172,254,53814,142858,80534,165975,2.16E-06,0.000490902,1.51E-06,0.000260972,x11
95,132,1121,584,23666,75036,16228,62354,7.35E-06,0.000705341,1.07E-05,0.012045618,x11
983,650,159,313,10408,63174,15670,75371,1.36E-05,0.013407775,9.17E-06,0.001460792,x11
240,363,331,487,47032,129418,49143,157834,7.61E-06,0.001827157,7.09E-06,0.002352106,x11
719,663,843,669,7542,40628,7676,41760,7.05E-05,0.050751738,6.92E-05,0.058377814,x11
203,299,259,425,48721,132502,54704,161193,4.32E-06,0.000878868,3.81E-06,0.000987645,x11
201,328,723,675,14813,65076,12399,59658,4.57E-05,0.009216887,5.44E-05,0.039374438,x11
729,666,841,672,6505,33615,6568,34162,9.75E-05,0.071118043,9.64E-05,0.081049332,x11
196,285,228,385,53122,136754,65099,170777,2.49E-06,0.000488845,2.05E-06,0.000468419,x11
96,129,1094,598,24024,73985,16803,62109,7.63E-06,0.000739762,1.09E-05,0.011963076,x11
732,665,847,669,6980,37896,7086,38640,7.45E-05,0.054592272,7.33E-05,0.062095086,x11
214,315,167,266,62497,152889,89388,198929,1.27E-06,0.000272093,8.81E-07,0.000147215,x11
1027,637,151,298,8527,51165,12799,61557,2.39E-05,0.024542626,1.60E-05,0.002429323,x11
307,436,280,395,53014,152803,63408,184819,5.28E-06,0.001626836,4.06E-06,0.001141142,x11
241,358,185,297,55830,142898,75383,184512,1.36E-06,0.000329668,9.87E-07,0.00018316,x11
748,666,853,668,6177,33824,6293,34630,9.01E-05,0.067379523,8.84E-05,0.075454661,x11
830,677,902,673,4562,20410,4569,20635,0.000167935,0.139397741,0.000167624,0.151268326,x11
795,655,831,661,6101,26870,6356,28197,9.76E-05,0.077652617,9.36E-05,0.077777864,x11
175,231,202,327,49473,133663,82083,160698,2.07E-06,0.000364303,1.32E-06,0.0002675,x11
684,663,861,669,9396,42353,9267,42335,6.89E-05,0.047112681,6.98E-05,0.060090077,x11
191,269,140,236,74766,190617,125039,228074,1.40E-06,0.000268186,9.14E-07,0.000128169,x11
167,211,299,464,44098,126653,70875,152674,1.82E-06,0.000304318,1.21E-06,0.000362328,x11
723,665,903,661,8735,33138,8579,33464,7.14E-05,0.051631033,7.26E-05,0.065596783,x11
747,666,854,668,6176,33809,6291,34616,9.07E-05,0.067859086,8.90E-05,0.076029705,x11
246,365,188,300,55726,139279,74096,181869,1.62E-06,0.000400786,1.19E-06,0.00022395,x11
808,676,878,675,5118,28678,5205,29152,0.00012462,0.100743174,0.000122424,0.107597887,x11
75,122,1325,419,10085,44333,5307,35152,8.66E-05,0.006538915,0.000164619,0.218170086,x11
280,413,206,321,57380,165182,74982,183362,2.25E-06,0.000632363,1.78E-06,0.000366538,x11
346,478,158,211,60038,165720,72004,202656,5.26E-06,0.001821399,4.00E-06,0.000632099,x11
216,323,227,359,53521,137339,80989,160715,2.83E-06,0.000612324,1.94E-06,0.000441844,x11
260,396,381,523,45516,128527,45619,156502,9.26E-06,0.00240869,8.94E-06,0.003414885,x11
276,423,199,312,87839,180945,114534,246994,6.61E-06,0.001827984,4.95E-06,0.000985971,x11
168,202,197,333,50575,139020,87135,168205,1.64E-06,0.000275939,1.03E-06,0.000203296,x11
192,257,220,365,49669,142365,80914,168028,2.28E-06,0.000438811,1.48E-06,0.000327472,x11
799,674,883,672,5569,26014,5641,26554,0.000124897,0.099856682,0.000123284,0.108866825,x11
169,201,199,337,50219,139134,86742,168229,1.62E-06,0.00027481,1.02E-06,0.000202432,x11
756,667,855,670,5522,30161,5634,30844,9.98E-05,0.075479183,9.77E-05,0.083615211,x11
720,664,902,661,8997,34485,8862,34990,6.80E-05,0.048962576,6.90E-05,0.062283569,x11
714,656,841,663,6111,28802,6182,29271,0.000102882,0.073545718,0.000101572,0.085475762,x11
196,280,491,613,48480,133861,54909,164516,7.00E-06,0.001378715,5.97E-06,0.002932141,x11
754,668,869,668,5730,31524,5811,32214,9.66E-05,0.072834543,9.51E-05,0.082749893,x11
720,665,902,661,8967,34397,8832,34899,6.64E-05,0.047856728,6.74E-05,0.060796593,x11
801,655,835,661,5774,24659,6006,25914,0.000106172,0.085049496,0.00010201,0.085234183,x11
294,440,208,314,56632,140106,77044,154409,5.83E-06,0.001717336,4.39E-06,0.00091577,x11
192,277,263,414,50259,133217,79322,158617,1.70E-06,0.000326839,1.14E-06,0.000300226,x11
211,309,164,263,62625,153876,90434,200692,1.20E-06,0.000253914,8.27E-07,0.000135824,x11
170,202,200,338,50196,138621,86394,167560,1.64E-06,0.00028002,1.03E-06,0.000207364,x11
191,289,305,470,35606,111254,35740,127787,7.29E-06,0.001398781,7.19E-06,0.002194869,x11
201,301,287,461,57858,143743,68609,172706,2.36E-06,0.000476473,1.98E-06,0.000568769,x11
177,235,341,500,45078,128226,69805,151806,1.96E-06,0.000348093,1.35E-06,0.000459763,x11
212,310,164,264,62854,154142,90434,200692,1.22E-06,0.0002589,8.41E-07,0.000138602,x11
193,279,560,644,49432,138060,54531,165240,5.86E-06,0.001134718,5.17E-06,0.002900069,x11
236,329,193,325,63365,158360,92050,207937,2.60E-06,0.000616269,1.82E-06,0.000350565,x11
792,674,864,673,5608,23237,5742,23719,0.000142155,0.112668834,0.000138729,0.11998737,x11
794,672,877,669,5515,21568,5620,21993,0.000149808,0.119087116,0.00014688,0.12887017,x11
196,290,273,446,61453,152378,73100,179718,2.19E-06,0.000431933,1.82E-06,0.000499507,x11
778,679,902,672,5310,23051,5298,23247,0.000134745,0.104909674,0.000134901,0.121797234,x11
712,666,895,664,8861,35940,8693,36056,7.29E-05,0.051942641,7.43E-05,0.066536027,x11
808,676,879,675,4849,24819,4931,25131,0.000131322,0.106234873,0.000129088,0.113499729,x11
214,320,225,356,52737,136434,80392,160243,1.90E-06,0.000407812,1.30E-06,0.000294089,x11
804,674,885,672,5429,25316,5492,25815,0.000129397,0.104059663,0.00012789,0.113276082,x11
192,272,535,636,52886,142984,59914,172947,5.75E-06,0.001106871,4.95E-06,0.002648698,x11
284,417,191,300,58331,161159,79897,180762,3.68E-06,0.00104607,2.78E-06,0.000532191,x11
788,654,832,660,6084,27632,6317,28877,0.000101378,0.079889911,9.75E-05,0.081203571,x11
737,660,858,661,6762,30887,6713,31543,9.63E-05,0.070972709,9.68E-05,0.083051739,x11
732,666,851,671,6274,33054,6332,33517,0.00010247,0.075032658,0.000101427,0.086399733,x11
609,658,887,677,6873,30767,6535,30353,0.000113147,0.068942319,0.000118689,0.105290845,x11
195,284,265,413,51448,134087,79540,158578,2.03E-06,0.000398026,1.38E-06,0.000365177,x11
731,666,850,671,6377,33609,6438,34093,0.000102253,0.0748328,0.00010117,0.086060058,x11
225,306,203,355,67051,167305,97672,217071,1.95E-06,0.000440742,1.34E-06,0.000271834,x11
731,666,851,670,6281,33586,6343,34064,9.17E-05,0.067115899,9.08E-05,0.077266884,x11
736,660,857,661,6936,32024,6890,32707,9.11E-05,0.067070074,9.15E-05,0.078474087,x11
736,677,119,130,27328,81074,31572,99736,6.57E-06,0.00483924,5.05E-06,0.00060419,x11
816,675,889,673,5054,23295,5102,23697,0.000143511,0.117104695,0.000142143,0.126443166,x11
262,383,209,311,43895,118916,60587,133076,7.74E-06,0.002032691,5.77E-06,0.00120694,x11
773,670,868,671,5078,27492,5171,28039,0.000114846,0.088841212,0.000112703,0.09783017,x11
179,239,130,217,83249,203981,141430,244480,1.44E-06,0.00025815,9.23E-07,0.000120379,x11
135,253,1089,608,28940,97766,20014,96100,1.75E-05,0.002368962,2.53E-05,0.027543835,x11
842,674,901,672,4497,20647,4527,21120,0.000161139,0.13567972,0.000159968,0.144193161,x11
245,363,187,299,55373,138870,74096,181869,1.53E-06,0.000376574,1.12E-06,0.000210113,x11
135,247,1067,619,29354,97966,20738,97606,1.56E-05,0.002104135,2.21E-05,0.023577044,x11
170,215,210,344,49317,135387,82997,162503,1.82E-06,0.000310963,1.16E-06,0.000242964,x11
725,664,847,670,6513,35017,6596,35681,8.13E-05,0.058986872,8.02E-05,0.067918983,x11
243,369,333,487,47222,129781,48213,156672,7.54E-06,0.001831938,7.10E-06,0.002365675,x11
792,674,864,673,5610,23345,5743,23828,0.00013104,0.103885468,0.000127887,0.110588187,x11
176,232,204,329,49809,134390,82391,161364,2.08E-06,0.000366584,1.33E-06,0.000271607,x11
271,402,201,316,57222,165870,76774,186483,1.82E-06,0.000493498,1.40E-06,0.000282052,x11
529,621,713,675,6691,40342,6395,39361,0.000106437,0.05633928,0.000110783,0.079047153,x11
258,375,204,307,44108,119676,61824,134473,6.28E-06,0.001622586,4.62E-06,0.000942407,x11
818,678,884,676,5099,28515,5167,28941,0.00012519,0.102451009,0.000123393,0.109179518,x11
707,669,840,673,4442,25102,4281,24506,0.000166573,0.117855818,0.000172067,0.144615366,x11
264,378,173,263,63780,152559,91711,202800,7.69E-06,0.002030585,5.47E-06,0.000949471,x11
250,370,191,303,56363,140208,74282,182273,1.85E-06,0.000462637,1.36E-06,0.000260417,x11
158,220,245,280,20578,31954,22993,33914,5.55E-05,0.008816322,4.86E-05,0.01191939,x11
615,662,916,672,6689,30339,6225,29614,0.000118302,0.072833438,0.00012682,0.11628813,x11
259,385,200,324,53929,144080,82673,164646,2.92E-06,0.00075643,2.03E-06,0.000407583,x11
739,664,845,668,8443,37440,8656,38623,7.24E-05,0.053550008,7.06E-05,0.059756561,x11
239,333,192,324,63750,158803,91872,207758,2.13E-06,0.000508273,1.47E-06,0.000282311,x11
199,299,125,127,36882,94977,41678,103216,1.43E-05,0.002853638,1.26E-05,0.001585219,x11
718,657,843,661,7329,33708,7273,34303,8.66E-05,0.062210843,8.71E-05,0.073485123,x11
976,649,131,238,16572,77792,27103,97942,9.66E-06,0.009432278,5.98E-06,0.000785234,x11
173,217,202,341,50775,144244,88268,176978,1.69E-06,0.000293209,1.05E-06,0.000213882,x11
383,545,824,680,11138,54129,9680,50543,6.16E-05,0.023635397,7.06E-05,0.058203067,x11
740,664,851,667,6338,34565,6448,35417,8.85E-05,0.065534641,8.69E-05,0.07402266,x11
169,199,201,339,51145,143093,88351,173536,1.63E-06,0.000276243,1.02E-06,0.000205913,x11
818,678,885,676,5138,28441,5204,28876,0.000121806,0.099640287,0.000120091,0.106292153,x11
277,399,213,316,35513,113668,45461,127407,6.73E-06,0.001869074,5.32E-06,0.001134957,x11
692,665,862,670,9280,41420,9180,41472,6.79E-05,0.047007159,6.86E-05,0.059187098,x11
212,311,164,264,62951,154247,90434,200692,1.23E-06,0.000260592,8.47E-07,0.00013966,x11
171,216,212,347,48617,133932,81744,160977,1.84E-06,0.00031448,1.17E-06,0.000247886,x11
193,282,246,407,51318,132964,60143,164957,3.09E-06,0.000599299,2.63E-06,0.000648306,x11
194,283,245,406,51455,133185,60219,165177,3.76E-06,0.000729611,3.19E-06,0.000783332,x11
159,192,304,467,45668,125957,71571,151963,2.20E-06,0.000350705,1.48E-06,0.000450047,x11
808,676,878,675,5128,28815,5215,29284,0.000124115,0.100338462,0.000121928,0.107163148,x11
275,406,203,318,58237,167382,77229,187117,1.86E-06,0.000512118,1.45E-06,0.00029536,x11
74,114,1232,487,30090,84468,17394,68425,3.20E-05,0.002396649,5.53E-05,0.068159479,x11
266,383,176,265,62634,149291,88968,198891,7.64E-06,0.002037978,5.49E-06,0.000967499,x11
786,674,866,672,5853,24263,5989,24857,0.000121957,0.09593634,0.000119067,0.103136386,x11
779,678,898,672,5387,22839,5378,23056,0.00013448,0.10486271,0.000134577,0.120861051,x11
188,276,287,455,40930,117840,43600,142033,6.71E-06,0.001267038,6.28E-06,0.001806394,x11
784,672,879,671,6348,29767,6434,30438,0.000104209,0.081799267,0.000102797,0.090422001,x11
1119,598,158,313,7631,51131,12049,63379,5.11E-05,0.057204843,3.26E-05,0.005157257,x11
74,113,1221,493,33017,88353,19332,71903,2.93E-05,0.00217603,5.00E-05,0.061052516,x11
670,669,816,681,9313,47209,8994,46638,6.19E-05,0.04151101,6.39E-05,0.052201168,x11
805,675,877,674,4882,25094,4970,25435,0.00012935,0.10414315,0.000127016,0.111420688,x11
249,371,185,300,59018,171773,84642,196099,1.47E-06,0.000368358,1.09E-06,0.000201299,x11
798,655,833,661,5955,26127,6196,27401,9.86E-05,0.078787945,9.47E-05,0.078939067,x11
73,110,1201,501,37955,94663,22678,77696,2.56E-05,0.001877879,4.29E-05,0.051500484,x11
832,679,909,673,4410,19577,4406,19746,0.000176674,0.147159126,0.000176813,0.160809596,x11
168,206,198,332,49668,136840,85681,165605,1.62E-06,0.000273786,1.02E-06,0.000202203,x11
256,364,166,255,67515,160334,99116,214822,2.41E-06,0.000619135,1.69E-06,0.000280368,x11
189,279,290,458,39342,115173,41577,138827,7.37E-06,0.001393394,6.95E-06,0.002023206,x11
757,673,139,252,16138,80673,21910,91570,9.96E-06,0.007547906,7.41E-06,0.001035823,x11
218,327,230,363,52862,136300,79750,159861,2.82E-06,0.000614675,1.94E-06,0.000446129,x11
237,351,182,293,55315,142456,76134,185304,1.15E-06,0.000274103,8.29E-07,0.000151343,x11
734,665,848,669,6720,36575,6817,37284,7.88E-05,0.057881613,7.75E-05,0.06582783,x11
718,660,848,665,6717,31553,6724,31997,8.82E-05,0.063354429,8.80E-05,0.074637385,x11
209,296,343,510,52066,137426,62329,173594,6.43E-06,0.001346736,5.21E-06,0.001785941,x11
196,285,229,385,53123,136817,64895,170672,2.55E-06,0.000501391,2.10E-06,0.000481406,x11
730,665,850,670,6389,34457,6453,35010,8.97E-05,0.065543202,8.88E-05,0.075459362,x11
194,282,268,418,51093,134069,79449,158921,1.82E-06,0.000354719,1.23E-06,0.000331374,x11
1015,641,158,311,8901,53777,13244,64267,2.16E-05,0.021878854,1.46E-05,0.002310033,x11
159,186,295,460,45050,126394,71143,152247,2.22E-06,0.000353556,1.49E-06,0.00043961,x11
239,355,183,295,55387,142343,75383,184512,1.23E-06,0.000296087,8.91E-07,0.000163814,x11
794,673,871,673,4954,25743,5057,26163,0.000124497,0.098873593,0.0001219,0.106294724,x11
186,212,163,187,104251,174051,92503,181257,1.01E-05,0.001885109,1.11E-05,0.001817964,x11
311,455,191,288,50898,131963,60387,165956,3.78E-06,0.001177608,3.06E-06,0.000587714,x11
776,671,890,665,5627,21108,5660,21332,0.000146359,0.113661841,0.000145392,0.129425285,x11
822,676,891,673,4911,22521,4953,22883,0.000149558,0.123028999,0.000148272,0.132209251,x11
225,304,201,352,68920,172589,100580,222480,1.83E-06,0.000412582,1.25E-06,0.000251633,x11
189,277,288,456,40230,116599,42706,141064,6.77E-06,0.00128068,6.35E-06,0.001834563,x11
192,277,557,643,49282,137584,54598,165037,5.96E-06,0.001149457,5.23E-06,0.002918836,x11
715,666,895,664,8861,35806,8699,35990,7.26E-05,0.051917165,7.39E-05,0.066203206,x11
98,136,1161,570,17704,73436,11864,59816,7.18E-06,0.000706766,1.08E-05,0.012502474,x11
96,133,1135,580,21648,74628,14713,61541,7.29E-06,0.000705382,1.08E-05,0.012212096,x11
174,228,328,491,43581,126958,69240,152214,1.66E-06,0.000289215,1.12E-06,0.000367891,x11
825,669,883,669,4848,22305,4912,22942,0.000140623,0.116123095,0.000138659,0.122539246,x11
832,678,903,673,4529,20256,4536,20475,0.000169766,0.141296274,0.000169457,0.153081018,x11
264,407,485,596,23234,83118,21759,100143,1.21E-05,0.003208872,1.27E-05,0.006173968,x11
674,669,819,681,8792,44664,8474,44186,7.22E-05,0.048674974,7.47E-05,0.061184067,x11
169,198,201,339,51070,142976,88271,173466,1.62E-06,0.000273664,1.01E-06,0.000203894,x11
806,674,867,672,5319,20759,5460,21190,0.000156405,0.126103308,0.000152277,0.132109633,x11
190,282,296,463,37608,113994,39031,135743,7.24E-06,0.001377236,6.96E-06,0.002067974,x11
175,229,200,325,48969,132942,81815,160157,1.93E-06,0.00033907,1.23E-06,0.000246337,x11
247,366,189,301,55965,139553,74096,181869,1.71E-06,0.000423287,1.25E-06,0.000237197,x11
307,446,223,335,53636,159264,65447,171007,4.16E-06,0.001276697,3.50E-06,0.000780925,x11
732,663,848,667,6582,35688,6686,36557,8.59E-05,0.062967832,8.45E-05,0.071740057,x11
713,664,895,662,10085,41228,9963,41692,5.37E-05,0.038297736,5.43E-05,0.048644753,x11
198,291,268,435,48707,131685,53444,157972,6.05E-06,0.001202678,5.43E-06,0.001460427,x11
217,373,686,667,45649,126412,42743,123122,8.76E-06,0.001900908,9.34E-06,0.0064096,x11
223,361,659,662,24459,89414,20004,96885,1.21E-05,0.002702032,1.42E-05,0.009357788,x11
283,417,208,323,56900,165117,73864,183387,2.53E-06,0.000717044,2.01E-06,0.000418753,x11
115,136,104,115,108760,155336,86550,147736,1.07E-06,0.000123145,1.27E-06,0.000132999,x11
754,673,139,252,16436,82047,22325,92928,9.96E-06,0.007515441,7.41E-06,0.001033262,x11
206,224,179,204,46518,52853,43682,44549,2.28E-05,0.00472124,2.42E-05,0.004343702,x11
193,277,551,641,49972,139047,55732,167033,5.88E-06,0.001138635,5.14E-06,0.002833508,x11
724,663,858,667,6557,35148,6588,35690,8.22E-05,0.059514342,8.17E-05,0.070096704,x11
277,409,188,295,58699,164627,81971,184404,2.02E-06,0.000560828,1.52E-06,0.000285187,x11
96,130,1109,591,23657,74429,16368,62145,7.49E-06,0.000722617,1.08E-05,0.01202189,x11
188,268,594,655,47096,133516,50636,158303,6.63E-06,0.001250491,5.98E-06,0.003555106,x11
194,282,246,407,51368,133036,60118,165014,3.23E-06,0.000626265,2.74E-06,0.000677761,x11
304,443,222,334,53109,158513,65207,170686,3.63E-06,0.001106927,3.04E-06,0.000674473,x11
216,228,173,206,73898,107379,62818,86363,1.44E-05,0.003123184,1.62E-05,0.002815557,x11
788,674,864,673,5822,24434,5968,25056,0.000121737,0.095987771,0.00011862,0.102577864,x11
209,294,335,504,53333,140691,64440,176532,6.20E-06,0.001297339,4.97E-06,0.00166809,x11
159,189,298,462,45346,126199,71799,152328,2.11E-06,0.000337231,1.41E-06,0.000422287,x11
192,278,576,649,48672,137153,52653,162798,6.38E-06,0.00122634,5.71E-06,0.003292818,x11
720,665,901,661,8983,34548,8847,35033,6.28E-05,0.045286619,6.38E-05,0.057523041,x11
792,674,865,673,5688,23713,5820,24229,0.000126152,0.099918113,0.000123192,0.106672459,x11
198,271,222,365,50844,143013,82276,168061,2.97E-06,0.000590419,1.95E-06,0.000433409,x11
278,410,187,296,58838,164799,81971,184404,2.98E-06,0.000829088,2.24E-06,0.000419907,x11
812,677,880,675,5120,28984,5199,29450,0.000123128,0.100068815,0.000121093,0.10667136,x11
663,662,838,673,10305,47041,10175,46944,6.08E-05,0.040324779,6.15E-05,0.051620938,x11
193,280,244,405,51381,133640,60680,165589,2.76E-06,0.000533769,2.33E-06,0.000571256,x11
159,196,276,436,45561,123283,72419,149562,2.18E-06,0.000348265,1.45E-06,0.00040064,x11
708,657,841,664,6940,31964,6954,32450,9.35E-05,0.066237932,9.31E-05,0.078303082,x11
194,282,268,419,51163,134157,79426,159011,1.96E-06,0.000381273,1.32E-06,0.0003561,x11
732,666,851,670,6215,32827,6276,33273,9.42E-05,0.068935361,9.32E-05,0.07936313,x11
96,133,1133,580,22086,74835,15030,61789,7.30E-06,0.000704369,1.07E-05,0.012176257,x11
216,312,311,479,53905,139930,63561,176609,6.38E-06,0.001383527,5.27E-06,0.00163963,x11
174,229,330,492,43842,127335,69298,152496,1.71E-06,0.000299031,1.16E-06,0.000382724,x11
998,646,160,315,9728,58938,14557,70365,1.95E-05,0.019444998,1.31E-05,0.002111576,x11
728,658,833,661,6862,34091,6774,34604,9.08E-05,0.066179218,9.18E-05,0.076536959,x11
729,659,855,660,6945,30494,6864,31195,0.000101065,0.073740537,0.000102069,0.087306695,x11
812,675,888,673,5141,23781,5191,24204,0.000139946,0.113641326,0.00013856,0.123129095,x11
214,315,167,267,62637,153052,89388,198929,1.28E-06,0.000274184,8.87E-07,0.000148596,x11
193,278,222,379,54671,142793,68134,174737,2.16E-06,0.000418416,1.75E-06,0.000389019,x11
808,676,878,675,5129,28817,5215,29288,0.000122608,0.099098118,0.000120427,0.105831727,x11
259,393,157,217,64294,125441,79222,140581,7.08E-06,0.00183723,5.75E-06,0.00090434,x11
752,668,860,669,5689,30090,5691,30035,0.000127019,0.095577434,0.000126821,0.109078562,x11
96,128,1086,600,25127,74108,17674,62490,7.67E-06,0.000738725,1.09E-05,0.011866885,x11
170,214,208,342,49656,135623,83542,162590,1.84E-06,0.000313021,1.17E-06,0.000243997,x11
75,123,1328,417,9196,41382,4823,33078,9.38E-05,0.007090084,0.000178765,0.237455801,x11
771,671,873,670,6931,32185,7037,32977,9.28E-05,0.071626642,9.14E-05,0.07984588,x11
785,672,880,671,6258,29386,6348,30057,0.000106186,0.083434651,0.000104654,0.092132717,x11
780,671,883,667,5708,22488,5792,22920,0.000143269,0.11186318,0.000141094,0.124725914,x11
817,678,885,676,5144,28485,5211,28922,0.000120037,0.098183442,0.000118346,0.104738323,x11
191,274,216,369,56937,143821,70659,176691,2.20E-06,0.000422261,1.77E-06,0.000383131,x11
844,675,902,672,4475,20459,4504,20916,0.000163407,0.138005083,0.00016225,0.146460008,x11
221,322,319,485,51962,139786,59563,174053,7.16E-06,0.001588456,6.03E-06,0.001930014,x11
75,116,1246,481,26270,78725,14973,63569,3.64E-05,0.002753363,6.38E-05,0.079568311,x11
843,673,894,672,4589,21176,4627,21702,0.000154826,0.130561234,0.000153426,0.137275109,x11
238,343,267,384,51982,140578,66140,176753,4.04E-06,0.000961096,3.02E-06,0.000809381,x11
101,141,1153,575,17274,75169,11689,61388,6.74E-06,0.0006814,1.00E-05,0.011559012,x11
192,274,542,638,51276,140778,57643,170103,5.74E-06,0.001106572,4.97E-06,0.002697778,x11
161,199,279,439,44448,121804,71032,147718,2.04E-06,0.000329358,1.36E-06,0.000378864,x11
194,279,223,379,54679,142865,67936,174661,2.20E-06,0.000426686,1.78E-06,0.000398183,x11
728,656,829,660,7098,33924,7033,34600,8.95E-05,0.065187706,9.01E-05,0.074774903,x11
730,670,139,247,16447,82227,22071,92430,1.02E-05,0.007449935,7.69E-06,0.001075611,x11
751,668,860,669,5664,29799,5660,29682,0.000131787,0.099015034,0.000131655,0.113329541,x11
193,281,246,406,51286,132701,60380,165044,3.05E-06,0.000589572,2.58E-06,0.000635089,x11
215,308,306,476,53933,139865,64040,176425,5.83E-06,0.00125388,4.75E-06,0.001455285,x11
808,676,879,675,5103,28547,5191,29016,0.000125649,0.101596021,0.000123446,0.108512552,x11
225,352,399,544,33617,105399,32452,124152,1.10E-05,0.002473115,1.11E-05,0.00442917,x11
783,671,881,668,5703,22719,5796,23184,0.00014234,0.111589316,0.000139925,0.123346244,x11
752,668,867,669,5900,32542,6000,33277,9.05E-05,0.06814002,8.90E-05,0.077166983,x11
208,366,907,670,29646,100353,21903,109980,7.19E-06,0.001501979,9.08E-06,0.008236849,x11
726,658,853,660,6974,30823,6895,31524,0.000100802,0.073281258,0.000101772,0.086905191,x11
235,339,264,381,51284,139111,65658,175424,3.24E-06,0.000762619,2.41E-06,0.000637375,x11
102,111,115,106,109651,161630,140911,172647,4.45E-06,0.000457059,3.49E-06,0.000403842,x11
537,653,947,660,12616,55073,10433,49312,2.20E-05,0.01180993,2.66E-05,0.025229672,x11
194,260,220,365,49230,139798,80186,165131,2.35E-06,0.000455214,1.53E-06,0.000338415,x11
96,132,1124,583,23297,75051,15934,62233,7.33E-06,0.000704131,1.07E-05,0.01207735,x11
73,111,1210,497,35844,92190,21226,75387,2.71E-05,0.001996446,4.57E-05,0.055301563,x11
214,314,166,266,62607,152904,89277,198827,1.26E-06,0.000269573,8.73E-07,0.000145607,x11
803,673,870,671,5427,21364,5560,21831,0.000152996,0.122965503,0.000149215,0.129825808,x11
254,377,188,303,57679,169228,81739,192630,1.44E-06,0.000365582,1.07E-06,0.00020189,x11
96,128,1089,599,24731,74047,17365,62347,7.66E-06,0.000739225,1.09E-05,0.011901859,x11
734,663,848,667,6556,35585,6659,36443,8.52E-05,0.062543432,8.38E-05,0.071162172,x11
724,658,850,661,7174,32921,7113,33486,8.66E-05,0.06274022,8.72E-05,0.074152109,x11
717,659,846,665,6691,31213,6710,31701,9.31E-05,0.066751848,9.27E-05,0.078457683,x11
716,665,905,662,8736,34333,8551,34552,7.64E-05,0.054764512,7.80E-05,0.07064792,x11
253,391,462,585,30647,99087,30059,118955,1.05E-05,0.002658178,1.06E-05,0.004898507,x11
169,213,208,341,49531,135459,83558,162577,1.73E-06,0.000294344,1.10E-06,0.000228512,x11
309,453,169,235,57349,129972,67896,186508,1.06E-05,0.003284118,8.37E-06,0.001418615,x11
238,352,182,293,54947,141795,75383,184512,1.17E-06,0.00027958,8.44E-07,0.000154262,x11
296,433,219,343,53993,140719,75625,155602,4.06E-06,0.001204337,2.99E-06,0.000657909,x11
216,311,308,477,53700,139388,63301,176000,6.05E-06,0.001310556,4.96E-06,0.001532245,x11
173,217,203,343,50387,143412,87602,175941,1.68E-06,0.000292341,1.05E-06,0.000213752,x11
721,662,850,668,7091,37967,7209,38931,7.94E-05,0.057262515,7.80E-05,0.066325934,x11
280,413,189,297,59389,165495,81908,185006,3.34E-06,0.0009366,2.51E-06,0.000475819,x11
813,674,876,675,4265,24969,4405,25195,0.000131757,0.107125937,0.000127352,0.111606858,x11
840,680,911,674,4301,19038,4298,19179,0.000184662,0.155141011,0.00018477,0.168363813,x11
229,343,322,482,48965,134249,53692,165462,7.93E-06,0.001824845,7.06E-06,0.002274934,x11
871,671,144,274,15994,82548,23296,96775,9.02E-06,0.007857288,6.26E-06,0.000906095,x11
194,283,245,406,51468,133203,60203,165205,3.88E-06,0.000754158,3.30E-06,0.00080989,x11
846,678,151,267,10374,53425,14011,61404,4.23E-05,0.035802039,3.16E-05,0.00477104,x11
181,249,362,512,45660,125026,68613,147294,1.97E-06,0.000356282,1.37E-06,0.000498552,x11
193,278,264,415,50576,133597,79577,158825,1.74E-06,0.000335519,1.17E-06,0.00030954,x11
195,284,228,384,53153,137028,65353,171101,2.38E-06,0.00046559,1.95E-06,0.00044519,x11
753,668,864,670,5826,32281,5948,33049,9.18E-05,0.069149034,8.99E-05,0.07771558,x11
725,658,849,660,7026,32038,6917,32678,9.64E-05,0.06992466,9.77E-05,0.083044677,x11
733,665,847,669,6946,37746,7050,38484,7.49E-05,0.054931586,7.37E-05,0.06247843,x11
231,320,215,367,68126,168695,96691,217541,2.11E-06,0.000487992,1.46E-06,0.00031488,x11
192,272,534,636,53195,143837,60296,173861,5.71E-06,0.00109911,4.91E-06,0.002626375,x11
301,443,185,282,49430,129843,61851,165579,2.57E-06,0.000774809,2.06E-06,0.000382401,x11
227,349,174,256,54136,143476,80534,165975,2.48E-06,0.00056265,1.74E-06,0.000303978,x11
216,323,227,359,53521,137339,80989,160715,2.76E-06,0.000596647,1.90E-06,0.000431517,x11
212,310,157,262,66088,177155,103816,208062,1.54E-06,0.000327666,1.05E-06,0.000165093,x11
714,656,841,663,6166,29305,6237,29764,0.000101986,0.072882431,0.000100681,0.084704406,x11
176,233,337,497,44439,127342,69288,151242,1.90E-06,0.000334604,1.30E-06,0.000437172,x11
660,667,808,681,11537,56278,11215,55608,4.92E-05,0.032492428,5.05E-05,0.040845808,x11
755,668,869,669,5686,31346,5772,32033,9.61E-05,0.072673857,9.47E-05,0.082347041,x11
802,674,864,673,5402,21706,5556,22179,0.000151072,0.121306123,0.000146764,0.12692893,x11
194,284,246,407,51198,132338,59705,164493,4.17E-06,0.000812085,3.55E-06,0.000874926,x11
194,282,268,419,51093,134069,79449,158921,1.93E-06,0.00037561,1.30E-06,0.000350415,x11
171,217,212,348,48744,134109,81748,161162,1.85E-06,0.00031741,1.18E-06,0.000250571,x11
802,674,884,672,5472,25535,5539,26049,0.000127964,0.102754417,0.00012639,0.111778156,x11
780,672,879,668,5712,22252,5747,22429,0.000138344,0.107947512,0.000137288,0.120679937,x11
710,655,837,661,7226,32608,7183,33019,8.79E-05,0.062446349,8.83E-05,0.073946118,x11
715,664,897,662,9717,39227,9589,39703,5.66E-05,0.040495667,5.73E-05,0.051434227,x11
664,664,819,677,10805,51280,10710,51143,5.47E-05,0.036386359,5.52E-05,0.045186756,x11
176,234,205,330,50083,134759,82462,161620,2.65E-06,0.000467856,1.69E-06,0.000346961,x11
702,666,851,672,6811,35687,6674,35176,0.00010508,0.073829973,0.000106916,0.091086455,x11
174,316,853,674,53964,154132,48521,147741,9.84E-06,0.001721278,1.09E-05,0.009328649,x11
192,274,220,374,54884,141384,68550,173937,2.22E-06,0.000426234,1.79E-06,0.000394051,x11
195,284,228,384,53074,136692,65121,170725,2.42E-06,0.000474456,1.99E-06,0.000454514,x11
222,320,247,362,52113,136204,68859,173729,3.31E-06,0.000736803,2.41E-06,0.000598412,x11
321,463,168,215,51728,132671,72668,151323,9.94E-06,0.003192634,7.30E-06,0.001228285,x11
827,677,901,673,4595,20584,4605,20819,0.000166113,0.137460976,0.000165723,0.1493873,x11
694,661,876,664,10784,44921,10679,45447,5.23E-05,0.03631882,5.28E-05,0.046322877,x11
735,665,830,665,3888,19400,3823,18985,0.000166968,0.122741082,0.000168733,0.140069613,x11
177,210,174,193,63519,88288,66760,90541,1.65E-05,0.00292982,1.57E-05,0.002752709,x11
312,432,169,234,47385,112256,53443,121810,8.92E-06,0.002788563,7.87E-06,0.001330929,x11
257,382,197,309,54604,135793,70846,176335,2.09E-06,0.00053704,1.56E-06,0.000309722,x11
266,395,204,316,50913,126408,65339,164192,3.23E-06,0.000859265,2.47E-06,0.000506954,x11
790,673,880,672,5847,27341,5919,27916,0.000116858,0.092348058,0.000115426,0.101658125,x11
239,355,184,295,55387,142343,75383,184512,1.25E-06,0.000299568,9.01E-07,0.000165819,x11
245,364,187,299,55479,139010,74096,181869,1.56E-06,0.000384599,1.14E-06,0.000214893,x11
833,679,909,673,4388,19456,4386,19624,0.00017813,0.148492207,0.000178166,0.162068198,x11
76,113,1164,525,40597,96893,25045,81621,2.40E-05,0.001839331,3.90E-05,0.045355014,x11
78,146,1283,460,19281,72595,11033,55969,3.50E-05,0.00276558,6.12E-05,0.078509132,x11
777,671,870,671,5039,27030,5127,27519,0.000117512,0.091399581,0.000115409,0.100517681,x11
717,659,847,665,6684,31210,6702,31693,9.46E-05,0.067827488,9.42E-05,0.079788915,x11
231,341,314,478,51589,140057,56518,170769,6.67E-06,0.001543921,5.82E-06,0.001832839,x11
245,373,349,499,46906,130369,47884,157795,7.26E-06,0.001779305,6.89E-06,0.002408995,x11
721,661,849,666,8813,38489,8964,39572,6.90E-05,0.049743372,6.78E-05,0.057604393,x11
250,367,203,307,43190,132849,58029,150363,7.60E-06,0.001902787,5.72E-06,0.001162384,x11
834,671,888,671,4732,21838,4784,22428,0.000146828,0.122534449,0.000145101,0.128962121,x11
719,671,837,673,4288,23741,4139,23152,0.000168651,0.121299845,0.000173786,0.145523057,x11
648,670,839,684,8590,48735,7937,46485,5.01E-05,0.032512584,5.41E-05,0.04540248,x11
241,357,185,296,55712,142761,75383,184512,1.32E-06,0.00031967,9.58E-07,0.000177276,x11
235,327,192,324,63840,158897,91872,207758,2.18E-06,0.000513601,1.51E-06,0.000289935,x11
254,387,364,512,49523,135376,51147,164620,6.74E-06,0.00171771,6.31E-06,0.002297911,x11
230,343,321,482,48991,134205,53670,165429,7.26E-06,0.001671289,6.45E-06,0.002076454,x11
257,376,220,333,42451,118057,57665,130480,3.02E-06,0.000777602,2.28E-06,0.000502111,x11
169,209,202,336,49837,136804,84882,164821,1.67E-06,0.000283345,1.05E-06,0.000213511,x11
199,274,225,368,50281,140582,80807,164843,3.14E-06,0.000628109,2.07E-06,0.000467158,x11
256,382,198,309,54541,135722,70846,176335,2.07E-06,0.000532264,1.55E-06,0.000307609,x11
231,343,317,479,51576,140002,56550,171082,6.98E-06,0.001616128,6.13E-06,0.001945512,x11
757,667,856,670,5486,29920,5603,30615,0.000100896,0.076464347,9.87E-05,0.08451874,x11
797,674,859,673,5594,23155,5756,23698,0.000142109,0.113322421,0.000137983,0.118556679,x11
787,673,881,671,6123,28743,6204,29379,0.000109444,0.086169238,0.000107973,0.095152431,x11
217,322,170,270,59089,145136,83634,190212,1.28E-06,0.000279292,8.98E-07,0.000153341,x11
748,666,857,669,7843,35416,8010,36441,7.94E-05,0.059408337,7.77E-05,0.066671099,x11
96,132,1129,582,22467,74889,15320,61928,7.32E-06,0.000705396,1.08E-05,0.012142123,x11
277,410,188,296,58838,164799,81971,184404,2.34E-06,0.000648619,1.75E-06,0.00033047,x11
196,285,229,385,53075,136755,65009,170764,2.50E-06,0.000490753,2.06E-06,0.000470757,x11
805,674,866,673,5337,21161,5478,21555,0.000156219,0.125828317,0.000152099,0.13176524,x11
750,667,854,669,6067,33292,6202,34165,8.96E-05,0.067258482,8.76E-05,0.074845066,x11
192,271,533,635,53805,144689,61123,174922,5.70E-06,0.001096741,4.90E-06,0.002611345,x11
835,679,910,673,4376,19431,4374,19600,0.000179178,0.149712523,0.000179241,0.163137962,x11
314,458,191,289,51203,132340,60280,166168,1.10E-05,0.003452387,8.92E-06,0.001710361,x11
781,671,880,667,5603,21441,5640,21675,0.000140101,0.109427345,0.000139089,0.122459001,x11
720,663,838,665,5682,33230,5606,33571,9.62E-05,0.069359524,9.72E-05,0.081457869,x11
180,242,129,217,81668,201338,139929,242318,1.42E-06,0.000255534,9.04E-07,0.000117497,x11
73,109,1192,505,39916,96816,24085,79949,2.44E-05,0.001783534,4.04E-05,0.048209269,x11
170,217,116,88,20014,86726,20687,89045,3.33E-05,0.005671082,3.20E-05,0.003729451,x11
613,661,914,673,6828,31693,6351,30867,8.17E-05,0.050140204,8.75E-05,0.080006725,x11
76,113,1168,522,40308,96690,24764,81148,2.42E-05,0.001841297,3.94E-05,0.046040201,x11
75,116,1244,482,26946,79816,15396,64469,3.55E-05,0.002683176,6.21E-05,0.077343975,x11
800,655,834,661,5821,25152,6054,26405,0.000102498,0.08204105,9.85E-05,0.082204807,x11
769,683,903,677,5515,25650,5475,25793,0.000119759,0.092107339,0.000120457,0.108786762,x11
227,338,171,277,63266,172581,94120,199623,1.66E-06,0.00037767,1.18E-06,0.000202548,x11
796,674,872,673,4947,25587,5047,25984,0.000125435,0.099910366,0.000122899,0.107277355,x11
237,366,421,560,31426,105724,30302,121984,1.10E-05,0.002614208,1.12E-05,0.004739845,x11
316,457,223,329,49234,135284,61819,143495,1.06E-05,0.003365299,8.63E-06,0.001927262,x11
270,410,228,345,51201,144729,61682,152777,4.18E-06,0.001132501,3.51E-06,0.000801505,x11
244,362,187,299,55254,138736,74096,181869,1.50E-06,0.000367679,1.09E-06,0.000204862,x11
247,366,188,301,55904,139485,74096,181869,1.68E-06,0.000417329,1.24E-06,0.000233691,x11
214,311,225,364,56633,149310,90475,173759,2.61E-06,0.000560511,1.74E-06,0.000391202,x11
194,279,134,218,80144,197246,132669,235045,1.35E-06,0.000263884,8.80E-07,0.000118157,x11
159,191,302,466,45429,125569,71414,151692,2.17E-06,0.000346393,1.46E-06,0.000441479,x11
203,299,259,425,48676,132440,54836,161296,4.12E-06,0.000837037,3.63E-06,0.000939315,x11
217,320,231,372,55794,147715,88213,170889,2.87E-06,0.000625864,1.93E-06,0.000446455,x11
257,374,203,306,44754,121197,62618,135660,5.05E-06,0.001300442,3.71E-06,0.000752724,x11
992,647,160,314,9917,59886,14905,71459,1.72E-05,0.017059998,1.16E-05,0.001854661,x11
198,269,220,363,50486,142347,82058,167681,2.48E-06,0.00049113,1.63E-06,0.000358615,x11
666,668,813,681,10256,51291,9938,50742,5.49E-05,0.036593881,5.65E-05,0.04601572,x11
802,655,836,660,5594,22792,5815,23969,0.000114281,0.091713657,0.000109847,0.0919232,x11
233,334,261,373,52406,144093,68493,181017,4.14E-06,0.000964927,3.02E-06,0.000791251,x11
252,373,239,352,53824,144806,69205,181253,6.33E-06,0.001598467,4.68E-06,0.001122667,x11
801,674,863,673,5551,22993,5712,23536,0.000142782,0.11443004,0.000138616,0.11971998,x11
276,424,146,208,75417,151648,93429,165215,6.74E-06,0.00186131,5.45E-06,0.000796936,x11
194,283,245,406,51427,133170,60075,165131,3.99E-06,0.00077641,3.40E-06,0.000835019,x11
74,118,1291,444,19930,68593,10901,53915,4.70E-05,0.003479992,8.60E-05,0.111010966,x11
170,206,199,335,51336,144353,89097,176172,1.63E-06,0.000278197,1.02E-06,0.00020253,x11
136,252,1082,612,29909,99472,20952,98776,1.59E-05,0.002173903,2.28E-05,0.02468045,x11
735,663,848,667,6462,35105,6573,35970,8.64E-05,0.063535505,8.49E-05,0.072054414,x11
220,294,193,344,69036,175121,104321,229589,1.64E-06,0.000361143,1.11E-06,0.000213952,x11
133,156,112,130,113617,148313,82116,136476,7.90E-07,0.000105623,1.00E-06,0.000113002,x11
234,347,180,291,55564,143957,77103,187578,1.10E-06,0.000258996,7.86E-07,0.000141723,x11
753,668,867,669,5836,32133,5933,32865,9.11E-05,0.068611725,8.95E-05,0.077710569,x11
689,675,899,676,6645,31761,6436,31599,9.23E-05,0.063590352,9.51E-05,0.085531909,x11
261,386,192,307,58415,170927,80998,192580,1.64E-06,0.00042827,1.24E-06,0.00023903,x11
711,655,836,661,7273,32826,7228,33271,8.92E-05,0.063481725,8.96E-05,0.075002276,x11
234,337,265,375,52838,145093,68662,181810,4.90E-06,0.001150349,3.60E-06,0.000955762,x11
785,674,863,673,5864,24326,5992,24926,0.000122194,0.096037961,0.000119442,0.103087822,x11
220,293,192,343,68660,174666,104657,229618,1.61E-06,0.00035334,1.09E-06,0.000208565,x11
747,666,853,668,6178,33850,6294,34656,9.05E-05,0.067659099,8.87E-05,0.075782797,x11
732,668,830,668,4092,21718,3952,21129,0.000158208,0.115926575,0.000162759,0.13516198,x11
201,300,286,460,58052,144867,69019,173517,2.32E-06,0.00046814,1.94E-06,0.000556622,x11
151,172,134,150,71224,141234,64446,132962,5.28E-06,0.000800527,5.50E-06,0.000737594,x11
727,663,841,665,4088,21434,4009,21226,0.000128654,0.093595657,0.000130554,0.109850275,x11
76,119,1265,469,21565,70989,12050,56756,4.38E-05,0.003334049,7.83E-05,0.099165127,x11
195,283,270,420,51488,134604,79703,159319,2.03E-06,0.000395566,1.37E-06,0.000370899,x11
828,670,885,670,4801,22088,4860,22697,0.00014293,0.118442386,0.000141066,0.124938536,x11
74,113,1218,494,33600,89163,19722,72659,2.88E-05,0.002136856,4.90E-05,0.059778453,x11
741,667,847,671,6231,32813,6251,33020,0.000118662,0.087938702,0.000118142,0.100160283,x11
217,314,312,480,54191,140332,63579,176853,7.21E-06,0.001565264,5.96E-06,0.001866089,x11
195,284,228,384,53208,137108,65380,171152,2.38E-06,0.000465874,1.95E-06,0.000445811,x11
707,657,837,664,7050,32137,7049,32604,9.26E-05,0.065560817,9.25E-05,0.077481875,x11
180,244,131,218,82271,202513,140267,243197,1.42E-06,0.000257119,9.09E-07,0.000119263,x11
175,231,334,495,44450,128200,69705,152979,1.81E-06,0.000318027,1.23E-06,0.000411755,x11
262,389,201,313,50628,125435,65018,163421,2.93E-06,0.00076783,2.22E-06,0.00044716,x11
224,302,199,351,68514,172123,100423,222338,1.75E-06,0.000393,1.19E-06,0.000238179,x11
169,208,201,335,49540,136370,84769,164402,1.67E-06,0.000282169,1.05E-06,0.000211529,x11
258,370,170,259,63981,153268,93051,205422,2.92E-06,0.000754765,2.07E-06,0.00035182,x11
658,672,862,683,7537,42935,7194,41765,8.49E-05,0.055859942,8.87E-05,0.076463887,x11
722,665,907,660,8669,32658,8509,32995,7.27E-05,0.052503795,7.41E-05,0.067176716,x11
209,305,161,260,63822,157300,93318,204598,1.17E-06,0.000244835,8.03E-07,0.000129757,x11
831,670,887,670,4767,21980,4822,22579,0.000144852,0.120424777,0.000143065,0.126942283,x11
991,647,159,314,9913,59865,14903,71454,1.59E-05,0.01577284,1.07E-05,0.001715559,x11
212,316,222,354,52686,137363,80723,161549,1.81E-06,0.000385566,1.24E-06,0.000275153,x11
729,659,854,660,7011,31095,6928,31769,9.93E-05,0.07242519,0.000100332,0.085731804,x11
90,180,1293,457,18812,86236,10892,66517,3.01E-05,0.002709378,5.19E-05,0.067051011,x11
818,678,884,676,5100,28517,5168,28943,0.000123695,0.101222885,0.000121919,0.107872505,x11
192,277,555,642,49443,137951,54868,165540,5.94E-06,0.00114618,5.21E-06,0.002896494,x11
870,675,151,272,9905,52095,13595,60367,4.46E-05,0.038866333,3.29E-05,0.004974658,x11
74,121,1314,427,13530,54492,7211,42443,6.69E-05,0.005008846,0.000125525,0.164987857,x11
193,281,246,406,51301,132739,60222,164862,3.06E-06,0.00059256,2.60E-06,0.000638823,x11
74,114,1230,488,30674,85208,17789,69098,3.14E-05,0.002348987,5.41E-05,0.06662416,x11
192,273,218,372,55011,141200,68456,173316,2.20E-06,0.000423535,1.78E-06,0.000388519,x11
232,344,178,288,57997,149943,81086,192475,1.12E-06,0.000260127,7.94E-07,0.00014132,x11
181,250,117,87,18745,77281,19873,80061,3.14E-05,0.005681665,2.95E-05,0.003466179,x11
753,668,864,669,5813,32120,5934,32896,9.22E-05,0.06941621,9.02E-05,0.078032553,x11
202,298,258,424,48631,132324,54959,161241,4.08E-06,0.000827446,3.58E-06,0.000926266,x11
758,668,867,669,7365,33741,7480,34598,8.60E-05,0.065226679,8.46E-05,0.073454843,x11
229,338,314,477,52686,141709,58356,173951,6.66E-06,0.001529676,5.78E-06,0.001816706,x11
175,230,202,327,49423,133583,82103,160644,2.03E-06,0.000356341,1.29E-06,0.000261265,x11
180,246,357,509,45902,126611,69567,149185,1.93E-06,0.000347778,1.34E-06,0.000478537,x11
810,677,879,675,5136,29168,5220,29660,0.000122123,0.098961013,0.000119996,0.105583818,x11
181,252,369,516,46338,126083,68932,148061,2.13E-06,0.00038764,1.50E-06,0.000553858,x11
226,386,736,675,29590,99742,26209,93805,9.17E-06,0.002075376,1.03E-05,0.007598146,x11
219,324,171,272,58789,144797,82997,189372,1.28E-06,0.000281245,9.02E-07,0.000154908,x11
240,359,208,347,57502,147383,89648,170935,3.37E-06,0.000810481,2.27E-06,0.000473874,x11
230,319,214,366,68513,168823,97471,218177,2.11E-06,0.00048609,1.46E-06,0.000312719,x11
672,663,842,673,9873,44790,9848,44964,6.50E-05,0.043710027,6.51E-05,0.054899357,x11
212,349,134,159,104989,191002,123687,241482,7.08E-06,0.00150209,5.89E-06,0.000793369,x11
257,388,374,520,46082,129885,46836,157936,7.26E-06,0.00186806,6.86E-06,0.002573476,x11
214,320,225,357,52890,136614,80507,160339,2.13E-06,0.000456346,1.46E-06,0.000328906,x11
209,277,177,315,75002,179802,112321,237131,1.78E-06,0.00037395,1.21E-06,0.00021397,x11
224,333,169,275,62869,171314,94385,199005,1.64E-06,0.000367852,1.16E-06,0.000195731,x11
250,365,217,335,43673,123323,60497,138537,3.08E-06,0.000771231,2.29E-06,0.00049679,x11
799,655,834,661,5853,25497,6086,26731,0.000100168,0.080127725,9.62E-05,0.080287918,x11
197,288,231,389,52618,136875,63976,169965,2.51E-06,0.000497495,2.08E-06,0.000481179,x11
787,672,882,668,5592,21955,5674,22351,0.000147265,0.115966825,0.000145037,0.127999804,x11
201,300,286,460,58080,144905,69032,173536,2.33E-06,0.000470288,1.95E-06,0.000559402,x11
74,114,1228,489,31264,86059,18175,69854,3.08E-05,0.002303446,5.30E-05,0.065145485,x11
299,441,184,281,49046,129374,62019,165159,2.48E-06,0.000740948,1.98E-06,0.000364812,x11
194,283,245,406,51455,133185,60219,165177,3.79E-06,0.000736837,3.23E-06,0.000790993,x11
797,674,882,672,5619,26260,5692,26807,0.000123361,0.098377279,0.000121763,0.107452217,x11
838,679,910,674,4348,19326,4346,19490,0.000181366,0.152073573,0.000181425,0.16524026,x11
185,257,137,227,75359,190021,125693,226635,1.47E-06,0.000272292,9.54E-07,0.000131414,x11
799,673,874,670,5481,21507,5598,21954,0.000151198,0.120895293,0.000147924,0.129301394,x11
96,132,1126,583,22888,74965,15629,62074,7.32E-06,0.000704662,1.07E-05,0.012109639,x11
85,147,1290,463,9226,42079,5007,34463,8.78E-05,0.007475223,0.000161901,0.208889168,x11
828,676,894,673,4670,21092,4705,21387,0.000161209,0.133569103,0.000160003,0.143121972,x11
730,659,855,661,6900,30686,6827,31369,9.63E-05,0.070360002,9.71E-05,0.083093937,x11
188,272,283,452,43981,122465,47376,148998,6.29E-06,0.001181824,5.84E-06,0.00165254,x11
808,676,879,675,4973,26619,5058,27042,0.000129406,0.104662616,0.000127177,0.111798828,x11
192,256,220,364,49862,142755,81326,168661,2.22E-06,0.000426506,1.44E-06,0.000317841,x11
176,233,204,330,50002,134654,82405,161576,2.59E-06,0.00045768,1.66E-06,0.000339252,x11
170,213,208,342,49611,135558,83553,162543,1.81E-06,0.000307731,1.15E-06,0.000239348,x11
185,257,137,227,75435,190104,125693,226635,1.49E-06,0.000276362,9.68E-07,0.000133479,x11
785,674,860,673,5862,24132,5979,24688,0.000121652,0.095561628,0.000119117,0.102445507,x11
725,657,842,660,7017,33088,6901,33619,9.22E-05,0.06688002,9.35E-05,0.078844875,x11
91,164,1279,476,8137,41006,4443,33381,9.18E-05,0.008388745,0.000168247,0.215216326,x11
192,273,218,372,55033,141230,68455,173342,2.21E-06,0.00042511,1.78E-06,0.000389917,x11
910,667,138,263,14100,77722,20501,91513,9.50E-06,0.008654684,6.59E-06,0.0009156,x11
720,664,904,661,8878,33440,8729,33884,7.12E-05,0.051274294,7.24E-05,0.065448069,x11
171,217,213,349,48575,133505,81355,160561,1.90E-06,0.000325002,1.21E-06,0.000257505,x11
194,280,234,393,52480,136175,63782,169035,2.51E-06,0.000487938,2.08E-06,0.000487213,x11
828,677,901,673,4577,20502,4587,20735,0.000167062,0.138484106,0.000166691,0.150351313,x11
850,676,905,673,4592,20692,4614,21127,0.000163761,0.139244091,0.000162867,0.147522279,x11
730,664,843,664,3980,20427,3888,20082,0.000157159,0.114860765,0.000159962,0.134901409,x11
304,451,209,315,55678,154381,71652,171524,1.19E-05,0.003617782,9.40E-06,0.001965089,x11
304,441,213,322,49758,140470,64843,151511,5.43E-06,0.001653111,4.30E-06,0.000921137,x11
195,283,227,383,53430,137436,65774,171444,2.36E-06,0.000460961,1.93E-06,0.000439689,x11
178,237,207,336,49966,135582,82157,162516,2.63E-06,0.000469256,1.68E-06,0.000349073,x11
775,671,869,671,5057,27349,5147,27873,0.000115761,0.089761011,0.000113677,0.098790623,x11
346,489,169,236,64761,133269,82767,198578,1.34E-05,0.004655687,1.05E-05,0.001789317,x11
168,207,200,334,49941,137481,85643,166114,1.67E-06,0.000281412,1.05E-06,0.000209946,x11
726,662,840,664,6483,34807,6373,35167,9.20E-05,0.066786701,9.33E-05,0.078382423,x11
720,663,844,669,7488,40449,7623,41557,7.15E-05,0.051510471,7.01E-05,0.059210411,x11
191,275,570,647,49550,138886,54113,165044,5.98E-06,0.001142235,5.32E-06,0.0030322,x11
79,141,1244,493,22687,72553,13442,57118,3.20E-05,0.00253042,5.39E-05,0.067087891,x11
233,324,219,371,63285,157258,89175,204308,2.13E-06,0.000496722,1.49E-06,0.000326637,x11
996,648,144,279,14223,79827,21840,96706,8.76E-06,0.008736667,5.76E-06,0.000831141,x11
198,270,221,364,50591,142647,82071,167854,2.52E-06,0.000499029,1.65E-06,0.000365897,x11
171,220,202,331,49135,133292,82314,160410,1.89E-06,0.000324498,1.20E-06,0.000242775,x11
305,448,166,232,56610,128784,67520,185012,4.66E-06,0.001423084,3.68E-06,0.000612563,x11
172,220,317,483,43349,128494,69688,154707,1.65E-06,0.000285062,1.11E-06,0.000351491,x11
246,365,188,300,55665,139211,74096,181869,1.60E-06,0.000395193,1.17E-06,0.000221282,x11
198,341,698,669,63300,164874,61391,163694,9.17E-06,0.001822548,9.45E-06,0.006601994,x11
753,667,856,670,5589,30651,5703,31346,9.76E-05,0.073583491,9.56E-05,0.081820982,x11
201,300,287,460,57801,143668,68584,172669,2.36E-06,0.000475596,1.97E-06,0.000567412,x11
529,633,847,683,9500,50692,8626,48320,7.49E-05,0.039628716,8.21E-05,0.069542539,x11
780,672,874,671,5030,26624,5110,27054,0.000119412,0.093155953,0.000117476,0.102720543,x11
817,664,865,667,4369,21604,4488,21872,0.000148296,0.121237337,0.000144182,0.124758357,x11
683,671,825,681,7358,38526,7036,37624,0.000105108,0.071861414,0.000109416,0.090333591,x11
817,678,885,676,5123,28462,5186,28876,0.000121959,0.09965504,0.000120323,0.106544704,x11
175,236,361,526,47230,140236,70076,162435,1.94E-06,0.00034089,1.38E-06,0.000499136,x11
362,490,180,233,44625,122894,60250,138393,1.15E-05,0.004182231,8.85E-06,0.001597251,x11
802,655,836,660,5594,22792,5815,23969,0.000116123,0.093194887,0.000111618,0.093407931,x11
258,389,375,521,45874,129833,46894,158031,7.94E-06,0.002048353,7.53E-06,0.002830438,x11
754,667,866,669,5350,28964,5434,29543,0.000105856,0.079890623,0.000104149,0.090195506,x11
188,269,602,657,45486,129261,48523,154181,7.31E-06,0.001375745,6.64E-06,0.003998955,x11
270,400,199,315,56967,165438,76873,186140,1.79E-06,0.000485924,1.39E-06,0.000277194,x11
754,668,869,669,5727,31482,5817,32203,9.28E-05,0.07002302,9.13E-05,0.079333273,x11
881,671,142,267,15793,82242,22905,96458,9.18E-06,0.008086779,6.38E-06,0.000905632,x11
232,381,135,143,112165,207370,144559,264771,5.39E-06,0.00125243,3.98E-06,0.000540187,x11
220,325,164,270,63810,173328,97355,202430,1.59E-06,0.00034918,1.11E-06,0.000182012,x11
757,683,899,678,5647,26564,5617,26770,0.000114542,0.086790348,0.000114946,0.103401997,x11
73,112,1212,496,35294,91395,20853,74657,2.75E-05,0.00202892,4.65E-05,0.056355092,x11
159,193,306,468,45757,125495,71448,151316,2.21E-06,0.000354087,1.49E-06,0.0004584,x11
744,665,848,669,8235,36728,8437,37869,7.47E-05,0.055649958,7.29E-05,0.061882281,x11
197,268,220,363,50382,142145,81978,167618,2.30E-06,0.000455119,1.51E-06,0.000332305,x11
648,670,839,684,8590,48735,7937,46485,5.60E-05,0.036355778,6.05E-05,0.050763953,x11
168,206,198,332,49697,136928,85711,165646,1.62E-06,0.000273737,1.02E-06,0.000202604,x11
183,213,172,189,89905,179718,85336,173509,1.17E-05,0.002148455,1.23E-05,0.002115087,x11
75,121,1317,426,12658,51827,6724,40506,7.10E-05,0.005326233,0.000133641,0.17600608,x11
724,663,848,668,7067,38053,7201,39066,7.93E-05,0.057464334,7.78E-05,0.066024558,x11
213,329,364,521,33482,107903,32657,124819,7.03E-06,0.001502397,6.98E-06,0.002543474,x11
214,305,309,479,54019,140289,64578,177500,5.95E-06,0.00127504,4.82E-06,0.00149482,x11
537,628,193,312,41577,112084,47909,131217,2.31E-06,0.001240804,1.87E-06,0.000361761,x11
713,658,842,664,6292,29613,6364,30117,9.89E-05,0.07052957,9.76E-05,0.082212663,x11
814,688,894,684,4728,31897,4746,31527,8.77E-05,0.071437195,8.72E-05,0.077951917,x11
134,157,131,144,101362,176667,108347,183010,4.15E-06,0.000559393,3.73E-06,0.000491094,x11
194,282,245,406,51455,133185,60219,165177,3.54E-06,0.000686745,3.01E-06,0.000737399,x11
165,211,389,549,48470,142071,74321,166693,1.80E-06,0.00029802,1.25E-06,0.000485964,x11
203,300,260,426,48687,132562,54711,161310,5.04E-06,0.001027087,4.45E-06,0.001157535,x11
591,652,839,681,7999,42149,7330,40211,9.98E-05,0.05903058,0.000108497,0.091061774,x11
217,313,312,479,54108,140182,63632,176813,6.92E-06,0.001502748,5.72E-06,0.001785529,x11
719,663,842,669,6909,36975,7025,37791,7.91E-05,0.056899176,7.77E-05,0.065496982,x11
263,376,172,262,64442,153752,91334,202293,5.57E-06,0.001464456,3.95E-06,0.000682168,x11
175,227,198,323,49125,133072,82554,160383,1.75E-06,0.000307058,1.11E-06,0.000220998,x11
168,204,199,335,50413,138291,86971,167382,1.61E-06,0.000272205,1.01E-06,0.000202245,x11
197,288,249,412,50109,132111,57803,162720,4.07E-06,0.000802572,3.50E-06,0.000874389,x11
759,667,856,670,5467,29729,5584,30424,0.000101721,0.077219787,9.95E-05,0.085204995,x11
785,674,862,673,5861,24255,5986,24840,0.000122321,0.096103443,0.000119613,0.103114156,x11
73,110,1199,502,38481,95240,23040,78270,2.53E-05,0.001850893,4.22E-05,0.05063093,x11
200,298,231,371,53173,135787,82305,160421,2.05E-06,0.000412235,1.38E-06,0.000320767,x11
192,278,577,649,48698,137244,52674,162861,6.45E-06,0.001239608,5.77E-06,0.00333359,x11
174,227,325,489,43577,127540,69649,153161,1.60E-06,0.000279223,1.08E-06,0.00035232,x11
203,300,259,425,48639,132500,54730,161281,4.92E-06,0.001001829,4.34E-06,0.001127937,x11
176,234,339,498,44745,127754,69554,151497,1.94E-06,0.000343257,1.33E-06,0.000450846,x11
724,663,858,667,6479,34571,6508,35109,8.53E-05,0.061822883,8.48E-05,0.072816253,x11
177,236,344,502,45509,128838,69980,152278,2.01E-06,0.00035737,1.38E-06,0.000476771,x11
838,680,911,674,4326,19193,4321,19337,0.000183102,0.153610487,0.000183269,0.166990587,x11
755,668,869,669,5689,31347,5775,32034,9.33E-05,0.07046602,9.18E-05,0.079843571,x11
208,294,339,507,52763,138636,63574,175026,6.39E-06,0.00133254,5.14E-06,0.001743576,x11
75,122,1319,424,11831,49480,6267,38809,7.54E-05,0.005664921,0.000142288,0.187752703,x11
792,674,865,673,5688,23713,5820,24229,0.000127989,0.101376087,0.000124987,0.108229759,x11
650,671,842,684,8598,48809,7949,46540,8.38E-05,0.054581329,9.06E-05,0.076299543,x11
173,225,323,488,43617,128103,69912,154081,1.57E-06,0.000272601,1.06E-06,0.000341891,x11
197,291,274,447,61217,152120,72828,179450,2.23E-06,0.000440268,1.86E-06,0.000509733,x11
191,273,239,399,52053,133618,63067,167438,2.53E-06,0.000483652,2.11E-06,0.000503145,x11
281,414,206,321,57380,165182,74982,183362,2.41E-06,0.000676077,1.90E-06,0.000392342,x11
211,308,163,263,62560,153709,90553,200594,1.20E-06,0.000253443,8.26E-07,0.000135375,x11
99,137,1157,572,17544,73958,11806,60330,7.04E-06,0.000699885,1.05E-05,0.012175814,x11
226,309,205,358,67039,166554,97123,216798,1.96E-06,0.00044377,1.34E-06,0.000275501,x11
203,300,260,426,48744,132646,54573,161203,5.38E-06,0.001095628,4.75E-06,0.001236024,x11
819,674,142,262,15926,81092,22184,93212,9.47E-06,0.007767467,6.88E-06,0.000980367,x11
259,372,170,259,64404,153783,93222,205963,3.61E-06,0.000935843,2.55E-06,0.000435293,x11
251,372,192,304,56542,140577,74401,182399,1.91E-06,0.00047934,1.41E-06,0.000271063,x11
169,212,207,341,49593,135870,83824,163241,1.73E-06,0.000292941,1.09E-06,0.000226637,x11
723,663,839,669,7459,40379,7571,41230,7.20E-05,0.052093975,7.08E-05,0.059462896,x11
660,662,832,675,10571,49098,10432,48929,5.77E-05,0.038085533,5.84E-05,0.04864381,x11
816,675,890,673,5026,23139,5073,23536,0.000144678,0.118201565,0.000143312,0.127551921,x11
759,673,139,252,16036,80475,21751,91290,1.01E-05,0.007675097,7.53E-06,0.001052421,x11
763,669,869,669,7208,33179,7319,34011,8.83E-05,0.067405978,8.70E-05,0.075657349,x11
793,674,865,673,5592,23136,5726,23616,0.000142776,0.113267546,0.00013934,0.120584602,x11
162,300,987,648,21209,79068,14714,77660,1.71E-05,0.002778367,2.38E-05,0.023487062,x11
237,348,242,365,53648,146003,71352,185162,4.66E-06,0.001105626,3.37E-06,0.000816335,x11
159,191,303,466,45452,125599,71403,151722,2.18E-06,0.00034749,1.46E-06,0.000443137,x11
196,286,229,385,52939,136424,64733,170333,2.56E-06,0.00050272,2.11E-06,0.00048367,x11
839,680,911,674,4314,19113,4310,19256,0.000183861,0.154289734,0.000183995,0.167653261,x11
875,671,145,274,15846,82177,23002,96418,9.11E-06,0.007980457,6.33E-06,0.000919571,x11
754,668,865,669,5806,32210,5928,32968,9.12E-05,0.068792752,8.93E-05,0.077214235,x11
818,678,883,676,5089,28605,5161,29037,0.000124978,0.102313268,0.000123069,0.108764524,x11
97,134,1142,577,20327,74231,13760,60975,7.27E-06,0.000708208,1.08E-05,0.012316356,x11
732,666,840,671,6826,35363,6873,35876,9.53E-05,0.069846333,9.46E-05,0.079432174,x11
74,119,1303,435,16840,62185,9089,48302,5.49E-05,0.004077831,0.000101693,0.132509739,x11
175,230,201,326,49158,133195,81954,160347,2.00E-06,0.000351151,1.27E-06,0.000255765,x11
272,425,195,299,92897,189539,114266,252024,6.92E-06,0.001883356,5.43E-06,0.001063187,x11
214,354,143,163,105867,214057,131978,268643,4.89E-06,0.001048328,3.86E-06,0.000551531,x11
719,665,903,662,8709,33848,8542,34136,7.43E-05,0.053461968,7.57E-05,0.068428915,x11
227,345,172,254,53880,142957,80534,165975,2.25E-06,0.000512334,1.58E-06,0.000273115,x11
700,661,877,663,10132,43745,10071,44371,5.62E-05,0.039365645,5.65E-05,0.049601175,x11
832,679,909,673,4396,19487,4395,19658,0.000177541,0.147826471,0.000177558,0.161465365,x11
201,301,287,461,57826,143733,68624,172724,2.39E-06,0.00048201,2.00E-06,0.000575613,x11
239,355,184,295,55335,142273,75383,184512,1.22E-06,0.000293288,8.84E-07,0.000162596,x11
815,659,854,664,4677,20546,4817,21111,0.000148733,0.121319032,0.000144266,0.123267137,x11
783,674,884,669,5394,21456,5395,21679,0.000140151,0.109739121,0.00013998,0.123876512,x11
255,379,196,308,55764,139092,73109,180122,2.03E-06,0.000517244,1.51E-06,0.000297261,x11
220,324,236,376,56413,148399,88233,171538,3.11E-06,0.000684527,2.10E-06,0.000495761,x11
217,318,229,370,55284,146946,87744,170352,2.78E-06,0.000604921,1.86E-06,0.000427269,x11
786,674,865,672,5849,24166,5981,24742,0.000122359,0.096259209,0.00011954,0.10344916,x11
1154,577,159,324,8219,51565,13507,65389,2.20E-05,0.025382705,1.35E-05,0.002151066,x11
235,338,264,381,51229,139045,65658,175424,3.00E-06,0.000706053,2.23E-06,0.000589147,x11
192,292,307,472,34805,108840,34860,126023,7.48E-06,0.0014406,7.44E-06,0.002290203,x11
96,133,1137,579,21205,74485,14393,61344,7.29E-06,0.000706395,1.08E-05,0.01224755,x11
979,651,158,312,10710,64462,16142,76944,1.35E-05,0.013237533,9.09E-06,0.001444605,x11
78,141,1239,496,23425,72652,13936,57370,3.13E-05,0.002471034,5.26E-05,0.065185191,x11
224,326,320,484,52442,140346,59338,173976,7.04E-06,0.001579963,6.00E-06,0.001919594,x11
792,675,866,673,5680,23644,5810,24144,0.000128001,0.101460589,0.00012505,0.108316628,x11
182,247,132,220,80300,199737,135854,239132,1.47E-06,0.000267801,9.44E-07,0.000125125,x11
728,658,852,660,7037,31424,6955,32136,9.88E-05,0.071987679,9.97E-05,0.085012968,x11
199,296,276,443,45999,124300,49214,150911,6.11E-06,0.001221258,5.60E-06,0.001546371,x11
706,654,833,661,7463,33625,7415,34070,8.79E-05,0.062054928,8.83E-05,0.073621466,x11
806,676,877,674,4870,25004,4955,25338,0.000130052,0.104873448,0.000127754,0.112164106,x11
230,344,321,482,49004,134229,53670,165429,7.63E-06,0.001755843,6.78E-06,0.002183236,x11
228,373,707,670,18066,82315,14287,74913,2.77E-05,0.006331173,3.50E-05,0.024784529,x11
247,364,232,368,44866,126523,62625,145545,3.62E-06,0.000896008,2.65E-06,0.0006145,x11
271,415,146,149,55147,136241,73853,148908,4.28E-06,0.001160498,3.25E-06,0.000478375,x11
776,671,874,671,6735,31364,6845,32141,9.64E-05,0.074931432,9.49E-05,0.082991408,x11
241,338,208,349,64690,160272,92027,207967,2.10E-06,0.000507133,1.46E-06,0.000303481,x11
745,667,853,671,5766,31952,5888,32700,9.22E-05,0.068773708,9.02E-05,0.077050433,x11
212,366,675,665,52954,139172,50523,136979,8.42E-06,0.001789675,8.81E-06,0.005952919,x11
197,282,147,244,71705,184691,117040,219700,1.45E-06,0.000285768,9.64E-07,0.000142077,x11
833,679,908,673,4436,19755,4436,19941,0.000175089,0.14586586,0.000175044,0.158954049,x11
209,306,162,261,63541,156469,92648,203567,1.17E-06,0.00024523,8.03E-07,0.000130451,x11
263,401,221,340,57141,158659,70108,168285,3.15E-06,0.000830512,2.62E-06,0.000578369,x11
163,186,124,150,96685,135233,61998,115832,6.43E-07,0.000105202,9.05E-07,0.000112417,x11
199,272,223,366,49796,139844,80494,164176,3.01E-06,0.000599846,1.98E-06,0.000443325,x11
779,671,883,667,5772,23019,5847,23455,0.000140703,0.109643852,0.00013877,0.122647319,x11
74,120,1308,431,15192,58587,8147,45501,6.03E-05,0.004495215,0.000112398,0.147118727,x11
241,357,185,296,55712,142761,75383,184512,1.34E-06,0.000323161,9.68E-07,0.000179297,x11
226,332,315,479,53041,142240,59358,174928,6.84E-06,0.001551822,5.88E-06,0.001854447,x11
202,280,229,372,50604,140491,80406,163600,3.21E-06,0.000648578,2.13E-06,0.000490216,x11
231,346,322,482,47887,130078,51856,161203,7.87E-06,0.00181985,7.08E-06,0.002285436,x11
774,671,874,670,6806,31702,6918,32493,9.50E-05,0.07354533,9.34E-05,0.08168192,x11
192,277,561,644,49696,138938,54553,165356,5.84E-06,0.001121585,5.18E-06,0.002909824,x11
176,234,205,330,50124,134812,82452,161677,2.66E-06,0.000469662,1.70E-06,0.00034854,x11
693,660,875,664,10639,45203,10597,45892,5.33E-05,0.037003843,5.35E-05,0.046853937,x11
193,280,245,406,51146,132445,60366,164908,2.92E-06,0.000564399,2.47E-06,0.000604737,x11
790,673,872,673,4974,26053,5072,26488,0.000122801,0.097082835,0.000120369,0.104990479,x11
724,663,838,665,4552,25563,4472,25579,0.000106383,0.077051085,0.000107787,0.090404626,x11
74,118,1294,442,19148,66861,10441,52315,4.88E-05,0.003614942,8.95E-05,0.115807285,x11
701,661,860,666,9299,41200,9295,41870,6.27E-05,0.0439911,6.27E-05,0.053964863,x11
715,664,896,662,9772,39556,9645,40044,5.57E-05,0.03983503,5.64E-05,0.050595787,x11
174,228,329,492,43685,127109,69181,152363,1.69E-06,0.000295751,1.15E-06,0.000377362,x11
266,383,175,265,62634,149291,88968,198891,9.60E-06,0.002560611,6.88E-06,0.001207851,x11
828,676,894,673,4690,21216,4722,21511,0.000160186,0.132766189,0.000159076,0.142311061,x11
301,407,171,246,59170,149639,63304,152423,9.42E-06,0.002836493,8.70E-06,0.001491881,x11
254,386,371,518,46970,130393,47977,158567,6.77E-06,0.001724988,6.38E-06,0.002372993,x11
784,674,857,674,5892,24131,6010,24686,0.000122063,0.095749965,0.00011953,0.102518923,x11
816,677,881,676,4336,26244,4455,26396,0.000124414,0.101624479,0.000120866,0.106553845,x11
191,272,217,370,55857,142505,69714,175250,2.20E-06,0.000420393,1.77E-06,0.000384926,x11
262,388,192,309,58702,171335,80998,192580,1.73E-06,0.000455668,1.32E-06,0.000253565,x11
769,670,872,670,7078,32722,7182,33524,9.04E-05,0.069540434,8.91E-05,0.077689384,x11
191,276,242,401,51635,132762,61753,165882,2.58E-06,0.00049358,2.16E-06,0.000522575,x11
195,287,268,415,52060,134952,79756,159140,2.12E-06,0.000415837,1.44E-06,0.000387176,x11
193,280,561,644,49531,138319,54554,165276,5.87E-06,0.001137245,5.19E-06,0.002916381,x11
164,204,288,450,44166,123953,70618,149835,1.94E-06,0.000317659,1.29E-06,0.000371503,x11
474,603,826,680,9662,48957,8411,45617,8.22E-05,0.039002137,9.40E-05,0.07775895,x11
175,230,331,493,44048,127640,69392,152681,1.76E-06,0.000307633,1.19E-06,0.000395336,x11
311,456,191,288,50898,131963,60387,165956,6.29E-06,0.001962192,5.09E-06,0.000974304,x11
229,315,211,363,67715,167577,97898,218074,2.04E-06,0.000470249,1.41E-06,0.000297827,x11
797,674,873,673,4933,25467,5031,25852,0.000126178,0.100658747,0.000123664,0.108045148,x11
778,671,871,672,5028,26901,5118,27388,0.000118198,0.092005328,0.000116047,0.101131625,x11
1023,639,145,286,13981,80405,21927,98495,8.55E-06,0.008756282,5.51E-06,0.000800796,x11
175,232,335,496,44643,128486,69777,153114,1.86E-06,0.000326542,1.26E-06,0.000424759,x11
746,665,853,669,8022,36036,8209,37122,7.72E-05,0.057636165,7.54E-05,0.064377041,x11
732,664,851,668,6679,36276,6761,36953,7.97E-05,0.058399951,7.86E-05,0.066977941,x11
192,276,553,642,49614,138389,55177,166060,5.89E-06,0.001135039,5.15E-06,0.002853418,x11
197,269,220,363,50413,142184,81978,167618,2.34E-06,0.000462464,1.53E-06,0.000337975,x11
777,671,887,666,5677,21546,5724,21868,0.000143222,0.111369383,0.000141921,0.125980197,x11
746,666,852,669,6236,34092,6355,34923,8.68E-05,0.064758262,8.51E-05,0.072491501,x11
186,259,138,228,76349,191329,126551,227601,1.52E-06,0.000282575,9.89E-07,0.000137491,x11
747,668,857,670,5786,32097,5908,32856,9.16E-05,0.068475254,8.96E-05,0.076806322,x11
818,678,883,676,5097,28683,5169,29117,0.000125469,0.102675018,0.000123571,0.109193649,x11
73,111,1205,499,36904,93461,21951,76564,2.63E-05,0.001935349,4.42E-05,0.053344651,x11
192,273,218,371,54940,141079,68480,173216,2.19E-06,0.000420963,1.77E-06,0.000385764,x11
252,373,192,304,56667,140718,74401,182399,1.94E-06,0.000490286,1.44E-06,0.000276877,x11
143,172,151,167,83226,120207,99579,148858,4.59E-06,0.000657362,3.89E-06,0.000590514,x11
205,317,349,507,36349,114092,36322,130877,6.78E-06,0.001396395,6.68E-06,0.002335212,x11
777,671,877,668,5753,22071,5823,22341,0.000138998,0.108078641,0.000137208,0.120424337,x11
717,663,835,669,7952,42552,8104,43801,6.94E-05,0.049796035,6.80E-05,0.05680308,x11
815,663,860,666,4546,21577,4682,22023,0.000145451,0.118580243,0.000141059,0.12145068,x11
731,664,844,664,3911,19133,3818,18657,0.000171555,0.125552223,0.000174737,0.14755334,x11
703,658,853,664,9403,40203,9450,41115,6.38E-05,0.044884911,6.35E-05,0.054172191,x11
613,661,914,673,6828,31693,6351,30867,0.00010812,0.066380025,0.000115867,0.105916842,x11
718,663,838,669,7725,41496,7888,42741,6.81E-05,0.04890998,6.66E-05,0.055856502,x11
780,673,883,668,5513,21729,5518,21939,0.000139415,0.108865872,0.000139157,0.122878516,x11
727,663,841,665,4083,21433,4005,21223,0.000137143,0.09981523,0.000139176,0.117148563,x11
197,292,276,448,59677,148866,70797,176172,2.39E-06,0.000471827,1.99E-06,0.000549309,x11
230,342,196,336,60025,153150,94876,177585,3.51E-06,0.000808954,2.33E-06,0.000459615,x11
691,661,875,664,11043,46421,10948,46954,5.14E-05,0.035550127,5.18E-05,0.045355518,x11
785,654,831,660,6075,27693,6309,28943,0.000101501,0.079753354,9.76E-05,0.081173608,x11
778,670,883,666,5640,21243,5706,21542,0.000145487,0.11330691,0.000143711,0.127003494,x11
